D01_Samsung_GalaxyS3Mini_flat_frames_vid2_i_ref.jpg,ref_D01_Samsung_GalaxyS3Mini/indoor,-0.4876
D01_Samsung_GalaxyS3Mini_flat_frames_vid2_i_ref.jpg,ref_D02_Apple_iPhone4s/indoor,-0.0166
D01_Samsung_GalaxyS3Mini_flat_frames_vid2_i_ref.jpg,ref_D03_Huawei_P9/indoor,-0.0133
D01_Samsung_GalaxyS3Mini_flat_frames_vid2_i_ref.jpg,ref_D04_LG_D290/indoor,-0.1648
D01_Samsung_GalaxyS3Mini_flat_frames_vid2_i_ref.jpg,ref_D07_Lenovo_P70A/indoor,0.2200
D01_Samsung_GalaxyS3Mini_flat_frames_vid2_i_ref.jpg,ref_D12_Sony_XperiaZ1Compact/indoor,-0.0192
D01_Samsung_GalaxyS3Mini_flat_frames_vid2_i_ref.jpg,ref_D17_Microsoft_Lumia640LTE/indoor,-0.0203
D01_Samsung_GalaxyS3Mini_flat_frames_vid2_i_ref.jpg,ref_D21_Wiko_Ridge4G/indoor,-0.0432
D01_Samsung_GalaxyS3Mini_flat_frames_vid2_i_ref.jpg,ref_D23_Asus_Zenfone2Laser/indoor,-0.1451
D01_Samsung_GalaxyS3Mini_flat_frames_vid2_i_ref.jpg,ref_D24_Xiaomi_RedmiNote3/indoor,0.0007
D01_Samsung_GalaxyS3Mini_flat_frames_vid2_i_ref.jpg,ref_D25_OnePlus_A3000/indoor,0.0148
D01_Samsung_GalaxyS3Mini_flat_frames_vid3_i_ref.jpg,ref_D01_Samsung_GalaxyS3Mini/indoor,-0.1284
D01_Samsung_GalaxyS3Mini_flat_frames_vid3_i_ref.jpg,ref_D02_Apple_iPhone4s/indoor,-0.0106
D01_Samsung_GalaxyS3Mini_flat_frames_vid3_i_ref.jpg,ref_D03_Huawei_P9/indoor,-0.0077
D01_Samsung_GalaxyS3Mini_flat_frames_vid3_i_ref.jpg,ref_D04_LG_D290/indoor,-0.0574
D01_Samsung_GalaxyS3Mini_flat_frames_vid3_i_ref.jpg,ref_D07_Lenovo_P70A/indoor,0.1049
D01_Samsung_GalaxyS3Mini_flat_frames_vid3_i_ref.jpg,ref_D12_Sony_XperiaZ1Compact/indoor,-0.0152
D01_Samsung_GalaxyS3Mini_flat_frames_vid3_i_ref.jpg,ref_D17_Microsoft_Lumia640LTE/indoor,-0.0217
D01_Samsung_GalaxyS3Mini_flat_frames_vid3_i_ref.jpg,ref_D21_Wiko_Ridge4G/indoor,-0.0320
D01_Samsung_GalaxyS3Mini_flat_frames_vid3_i_ref.jpg,ref_D23_Asus_Zenfone2Laser/indoor,-0.0567
D01_Samsung_GalaxyS3Mini_flat_frames_vid3_i_ref.jpg,ref_D24_Xiaomi_RedmiNote3/indoor,0.0014
D01_Samsung_GalaxyS3Mini_flat_frames_vid3_i_ref.jpg,ref_D25_OnePlus_A3000/indoor,0.0119
D01_Samsung_GalaxyS3Mini_flat_frames_vid4_i_ref.jpg,ref_D01_Samsung_GalaxyS3Mini/indoor,-0.1748
D01_Samsung_GalaxyS3Mini_flat_frames_vid4_i_ref.jpg,ref_D02_Apple_iPhone4s/indoor,0.0012
D01_Samsung_GalaxyS3Mini_flat_frames_vid4_i_ref.jpg,ref_D03_Huawei_P9/indoor,-0.0046
D01_Samsung_GalaxyS3Mini_flat_frames_vid4_i_ref.jpg,ref_D04_LG_D290/indoor,-0.0673
D01_Samsung_GalaxyS3Mini_flat_frames_vid4_i_ref.jpg,ref_D07_Lenovo_P70A/indoor,0.0815
D01_Samsung_GalaxyS3Mini_flat_frames_vid4_i_ref.jpg,ref_D12_Sony_XperiaZ1Compact/indoor,-0.0039
D01_Samsung_GalaxyS3Mini_flat_frames_vid4_i_ref.jpg,ref_D17_Microsoft_Lumia640LTE/indoor,-0.0036
D01_Samsung_GalaxyS3Mini_flat_frames_vid4_i_ref.jpg,ref_D21_Wiko_Ridge4G/indoor,-0.0198
D01_Samsung_GalaxyS3Mini_flat_frames_vid4_i_ref.jpg,ref_D23_Asus_Zenfone2Laser/indoor,-0.0870
D01_Samsung_GalaxyS3Mini_flat_frames_vid4_i_ref.jpg,ref_D24_Xiaomi_RedmiNote3/indoor,0.0101
D01_Samsung_GalaxyS3Mini_flat_frames_vid4_i_ref.jpg,ref_D25_OnePlus_A3000/indoor,0.0126
D02_Apple_iPhone4s_flat_frames_vid2_i_ref.jpg,ref_D01_Samsung_GalaxyS3Mini/indoor,0.0103
D02_Apple_iPhone4s_flat_frames_vid2_i_ref.jpg,ref_D02_Apple_iPhone4s/indoor,0.8115
D02_Apple_iPhone4s_flat_frames_vid2_i_ref.jpg,ref_D03_Huawei_P9/indoor,0.8384
D02_Apple_iPhone4s_flat_frames_vid2_i_ref.jpg,ref_D04_LG_D290/indoor,0.0300
D02_Apple_iPhone4s_flat_frames_vid2_i_ref.jpg,ref_D07_Lenovo_P70A/indoor,-0.0092
D02_Apple_iPhone4s_flat_frames_vid2_i_ref.jpg,ref_D12_Sony_XperiaZ1Compact/indoor,0.9440
D02_Apple_iPhone4s_flat_frames_vid2_i_ref.jpg,ref_D17_Microsoft_Lumia640LTE/indoor,0.8955
D02_Apple_iPhone4s_flat_frames_vid2_i_ref.jpg,ref_D21_Wiko_Ridge4G/indoor,0.7749
D02_Apple_iPhone4s_flat_frames_vid2_i_ref.jpg,ref_D23_Asus_Zenfone2Laser/indoor,0.0402
D02_Apple_iPhone4s_flat_frames_vid2_i_ref.jpg,ref_D24_Xiaomi_RedmiNote3/indoor,0.8713
D02_Apple_iPhone4s_flat_frames_vid2_i_ref.jpg,ref_D25_OnePlus_A3000/indoor,0.8713
D02_Apple_iPhone4s_flat_frames_vid3_i_ref.jpg,ref_D01_Samsung_GalaxyS3Mini/indoor,-0.0271
D02_Apple_iPhone4s_flat_frames_vid3_i_ref.jpg,ref_D02_Apple_iPhone4s/indoor,0.7248
D02_Apple_iPhone4s_flat_frames_vid3_i_ref.jpg,ref_D03_Huawei_P9/indoor,0.7577
D02_Apple_iPhone4s_flat_frames_vid3_i_ref.jpg,ref_D04_LG_D290/indoor,0.0098
D02_Apple_iPhone4s_flat_frames_vid3_i_ref.jpg,ref_D07_Lenovo_P70A/indoor,0.0143
D02_Apple_iPhone4s_flat_frames_vid3_i_ref.jpg,ref_D12_Sony_XperiaZ1Compact/indoor,0.8763
D02_Apple_iPhone4s_flat_frames_vid3_i_ref.jpg,ref_D17_Microsoft_Lumia640LTE/indoor,0.8321
D02_Apple_iPhone4s_flat_frames_vid3_i_ref.jpg,ref_D21_Wiko_Ridge4G/indoor,0.6783
D02_Apple_iPhone4s_flat_frames_vid3_i_ref.jpg,ref_D23_Asus_Zenfone2Laser/indoor,0.0161
D02_Apple_iPhone4s_flat_frames_vid3_i_ref.jpg,ref_D24_Xiaomi_RedmiNote3/indoor,0.8095
D02_Apple_iPhone4s_flat_frames_vid3_i_ref.jpg,ref_D25_OnePlus_A3000/indoor,0.8477
D02_Apple_iPhone4s_flat_frames_vid4_i_ref.jpg,ref_D01_Samsung_GalaxyS3Mini/indoor,-0.0032
D02_Apple_iPhone4s_flat_frames_vid4_i_ref.jpg,ref_D02_Apple_iPhone4s/indoor,0.8005
D02_Apple_iPhone4s_flat_frames_vid4_i_ref.jpg,ref_D03_Huawei_P9/indoor,0.8285
D02_Apple_iPhone4s_flat_frames_vid4_i_ref.jpg,ref_D04_LG_D290/indoor,0.0223
D02_Apple_iPhone4s_flat_frames_vid4_i_ref.jpg,ref_D07_Lenovo_P70A/indoor,-0.0089
D02_Apple_iPhone4s_flat_frames_vid4_i_ref.jpg,ref_D12_Sony_XperiaZ1Compact/indoor,0.9389
D02_Apple_iPhone4s_flat_frames_vid4_i_ref.jpg,ref_D17_Microsoft_Lumia640LTE/indoor,0.8857
D02_Apple_iPhone4s_flat_frames_vid4_i_ref.jpg,ref_D21_Wiko_Ridge4G/indoor,0.7635
D02_Apple_iPhone4s_flat_frames_vid4_i_ref.jpg,ref_D23_Asus_Zenfone2Laser/indoor,0.0309
D02_Apple_iPhone4s_flat_frames_vid4_i_ref.jpg,ref_D24_Xiaomi_RedmiNote3/indoor,0.8663
D02_Apple_iPhone4s_flat_frames_vid4_i_ref.jpg,ref_D25_OnePlus_A3000/indoor,0.8669
D03_Huawei_P9_flat_frames_vid2_i_ref.jpg,ref_D01_Samsung_GalaxyS3Mini/indoor,0.0057
D03_Huawei_P9_flat_frames_vid2_i_ref.jpg,ref_D02_Apple_iPhone4s/indoor,0.7976
D03_Huawei_P9_flat_frames_vid2_i_ref.jpg,ref_D03_Huawei_P9/indoor,0.8317
D03_Huawei_P9_flat_frames_vid2_i_ref.jpg,ref_D04_LG_D290/indoor,0.0189
D03_Huawei_P9_flat_frames_vid2_i_ref.jpg,ref_D07_Lenovo_P70A/indoor,-0.0057
D03_Huawei_P9_flat_frames_vid2_i_ref.jpg,ref_D12_Sony_XperiaZ1Compact/indoor,0.9389
D03_Huawei_P9_flat_frames_vid2_i_ref.jpg,ref_D17_Microsoft_Lumia640LTE/indoor,0.8783
D03_Huawei_P9_flat_frames_vid2_i_ref.jpg,ref_D21_Wiko_Ridge4G/indoor,0.7481
D03_Huawei_P9_flat_frames_vid2_i_ref.jpg,ref_D23_Asus_Zenfone2Laser/indoor,0.0259
D03_Huawei_P9_flat_frames_vid2_i_ref.jpg,ref_D24_Xiaomi_RedmiNote3/indoor,0.8620
D03_Huawei_P9_flat_frames_vid2_i_ref.jpg,ref_D25_OnePlus_A3000/indoor,0.8677
D03_Huawei_P9_flat_frames_vid3_i_ref.jpg,ref_D01_Samsung_GalaxyS3Mini/indoor,0.0174
D03_Huawei_P9_flat_frames_vid3_i_ref.jpg,ref_D02_Apple_iPhone4s/indoor,0.8218
D03_Huawei_P9_flat_frames_vid3_i_ref.jpg,ref_D03_Huawei_P9/indoor,0.8571
D03_Huawei_P9_flat_frames_vid3_i_ref.jpg,ref_D04_LG_D290/indoor,0.0333
D03_Huawei_P9_flat_frames_vid3_i_ref.jpg,ref_D07_Lenovo_P70A/indoor,-0.0069
D03_Huawei_P9_flat_frames_vid3_i_ref.jpg,ref_D12_Sony_XperiaZ1Compact/indoor,0.9534
D03_Huawei_P9_flat_frames_vid3_i_ref.jpg,ref_D17_Microsoft_Lumia640LTE/indoor,0.8977
D03_Huawei_P9_flat_frames_vid3_i_ref.jpg,ref_D21_Wiko_Ridge4G/indoor,0.7756
D03_Huawei_P9_flat_frames_vid3_i_ref.jpg,ref_D23_Asus_Zenfone2Laser/indoor,0.0455
D03_Huawei_P9_flat_frames_vid3_i_ref.jpg,ref_D24_Xiaomi_RedmiNote3/indoor,0.8823
D03_Huawei_P9_flat_frames_vid3_i_ref.jpg,ref_D25_OnePlus_A3000/indoor,0.8820
D03_Huawei_P9_flat_frames_vid4_i_ref.jpg,ref_D01_Samsung_GalaxyS3Mini/indoor,0.0174
D03_Huawei_P9_flat_frames_vid4_i_ref.jpg,ref_D02_Apple_iPhone4s/indoor,0.8223
D03_Huawei_P9_flat_frames_vid4_i_ref.jpg,ref_D03_Huawei_P9/indoor,0.8581
D03_Huawei_P9_flat_frames_vid4_i_ref.jpg,ref_D04_LG_D290/indoor,0.0334
D03_Huawei_P9_flat_frames_vid4_i_ref.jpg,ref_D07_Lenovo_P70A/indoor,-0.0062
D03_Huawei_P9_flat_frames_vid4_i_ref.jpg,ref_D12_Sony_XperiaZ1Compact/indoor,0.9557
D03_Huawei_P9_flat_frames_vid4_i_ref.jpg,ref_D17_Microsoft_Lumia640LTE/indoor,0.8988
D03_Huawei_P9_flat_frames_vid4_i_ref.jpg,ref_D21_Wiko_Ridge4G/indoor,0.7742
D03_Huawei_P9_flat_frames_vid4_i_ref.jpg,ref_D23_Asus_Zenfone2Laser/indoor,0.0453
D03_Huawei_P9_flat_frames_vid4_i_ref.jpg,ref_D24_Xiaomi_RedmiNote3/indoor,0.8840
D03_Huawei_P9_flat_frames_vid4_i_ref.jpg,ref_D25_OnePlus_A3000/indoor,0.8851
D03_Huawei_P9_flat_frames_vid5_i_ref.jpg,ref_D01_Samsung_GalaxyS3Mini/indoor,0.0122
D03_Huawei_P9_flat_frames_vid5_i_ref.jpg,ref_D02_Apple_iPhone4s/indoor,0.8316
D03_Huawei_P9_flat_frames_vid5_i_ref.jpg,ref_D03_Huawei_P9/indoor,0.8628
D03_Huawei_P9_flat_frames_vid5_i_ref.jpg,ref_D04_LG_D290/indoor,0.0291
D03_Huawei_P9_flat_frames_vid5_i_ref.jpg,ref_D07_Lenovo_P70A/indoor,-0.0052
D03_Huawei_P9_flat_frames_vid5_i_ref.jpg,ref_D12_Sony_XperiaZ1Compact/indoor,0.9459
D03_Huawei_P9_flat_frames_vid5_i_ref.jpg,ref_D17_Microsoft_Lumia640LTE/indoor,0.9000
D03_Huawei_P9_flat_frames_vid5_i_ref.jpg,ref_D21_Wiko_Ridge4G/indoor,0.7906
D03_Huawei_P9_flat_frames_vid5_i_ref.jpg,ref_D23_Asus_Zenfone2Laser/indoor,0.0442
D03_Huawei_P9_flat_frames_vid5_i_ref.jpg,ref_D24_Xiaomi_RedmiNote3/indoor,0.8801
D03_Huawei_P9_flat_frames_vid5_i_ref.jpg,ref_D25_OnePlus_A3000/indoor,0.8761
D03_Huawei_P9_flat_frames_vid6_i_ref.jpg,ref_D01_Samsung_GalaxyS3Mini/indoor,0.0174
D03_Huawei_P9_flat_frames_vid6_i_ref.jpg,ref_D02_Apple_iPhone4s/indoor,0.8218
D03_Huawei_P9_flat_frames_vid6_i_ref.jpg,ref_D03_Huawei_P9/indoor,0.8571
D03_Huawei_P9_flat_frames_vid6_i_ref.jpg,ref_D04_LG_D290/indoor,0.0333
D03_Huawei_P9_flat_frames_vid6_i_ref.jpg,ref_D07_Lenovo_P70A/indoor,-0.0069
D03_Huawei_P9_flat_frames_vid6_i_ref.jpg,ref_D12_Sony_XperiaZ1Compact/indoor,0.9534
D03_Huawei_P9_flat_frames_vid6_i_ref.jpg,ref_D17_Microsoft_Lumia640LTE/indoor,0.8977
D03_Huawei_P9_flat_frames_vid6_i_ref.jpg,ref_D21_Wiko_Ridge4G/indoor,0.7756
D03_Huawei_P9_flat_frames_vid6_i_ref.jpg,ref_D23_Asus_Zenfone2Laser/indoor,0.0455
D03_Huawei_P9_flat_frames_vid6_i_ref.jpg,ref_D24_Xiaomi_RedmiNote3/indoor,0.8823
D03_Huawei_P9_flat_frames_vid6_i_ref.jpg,ref_D25_OnePlus_A3000/indoor,0.8820
D03_Huawei_P9_flat_frames_vid7_i_ref.jpg,ref_D01_Samsung_GalaxyS3Mini/indoor,0.0170
D03_Huawei_P9_flat_frames_vid7_i_ref.jpg,ref_D02_Apple_iPhone4s/indoor,0.8378
D03_Huawei_P9_flat_frames_vid7_i_ref.jpg,ref_D03_Huawei_P9/indoor,0.8691
D03_Huawei_P9_flat_frames_vid7_i_ref.jpg,ref_D04_LG_D290/indoor,0.0359
D03_Huawei_P9_flat_frames_vid7_i_ref.jpg,ref_D07_Lenovo_P70A/indoor,-0.0094
D03_Huawei_P9_flat_frames_vid7_i_ref.jpg,ref_D12_Sony_XperiaZ1Compact/indoor,0.9366
D03_Huawei_P9_flat_frames_vid7_i_ref.jpg,ref_D17_Microsoft_Lumia640LTE/indoor,0.8901
D03_Huawei_P9_flat_frames_vid7_i_ref.jpg,ref_D21_Wiko_Ridge4G/indoor,0.7937
D03_Huawei_P9_flat_frames_vid7_i_ref.jpg,ref_D23_Asus_Zenfone2Laser/indoor,0.0525
D03_Huawei_P9_flat_frames_vid7_i_ref.jpg,ref_D24_Xiaomi_RedmiNote3/indoor,0.8879
D03_Huawei_P9_flat_frames_vid7_i_ref.jpg,ref_D25_OnePlus_A3000/indoor,0.8691
D04_LG_D290_flat_frames_vid2_i_ref.jpg,ref_D01_Samsung_GalaxyS3Mini/indoor,0.1064
D04_LG_D290_flat_frames_vid2_i_ref.jpg,ref_D02_Apple_iPhone4s/indoor,0.0435
D04_LG_D290_flat_frames_vid2_i_ref.jpg,ref_D03_Huawei_P9/indoor,0.0502
D04_LG_D290_flat_frames_vid2_i_ref.jpg,ref_D04_LG_D290/indoor,0.3836
D04_LG_D290_flat_frames_vid2_i_ref.jpg,ref_D07_Lenovo_P70A/indoor,-0.1323
D04_LG_D290_flat_frames_vid2_i_ref.jpg,ref_D12_Sony_XperiaZ1Compact/indoor,0.0640
D04_LG_D290_flat_frames_vid2_i_ref.jpg,ref_D17_Microsoft_Lumia640LTE/indoor,0.0639
D04_LG_D290_flat_frames_vid2_i_ref.jpg,ref_D21_Wiko_Ridge4G/indoor,0.0406
D04_LG_D290_flat_frames_vid2_i_ref.jpg,ref_D23_Asus_Zenfone2Laser/indoor,0.1465
D04_LG_D290_flat_frames_vid2_i_ref.jpg,ref_D24_Xiaomi_RedmiNote3/indoor,0.0617
D04_LG_D290_flat_frames_vid2_i_ref.jpg,ref_D25_OnePlus_A3000/indoor,0.0696
D04_LG_D290_flat_frames_vid3_i_ref.jpg,ref_D01_Samsung_GalaxyS3Mini/indoor,0.0862
D04_LG_D290_flat_frames_vid3_i_ref.jpg,ref_D02_Apple_iPhone4s/indoor,0.0423
D04_LG_D290_flat_frames_vid3_i_ref.jpg,ref_D03_Huawei_P9/indoor,0.0483
D04_LG_D290_flat_frames_vid3_i_ref.jpg,ref_D04_LG_D290/indoor,0.3316
D04_LG_D290_flat_frames_vid3_i_ref.jpg,ref_D07_Lenovo_P70A/indoor,-0.1226
D04_LG_D290_flat_frames_vid3_i_ref.jpg,ref_D12_Sony_XperiaZ1Compact/indoor,0.0608
D04_LG_D290_flat_frames_vid3_i_ref.jpg,ref_D17_Microsoft_Lumia640LTE/indoor,0.0586
D04_LG_D290_flat_frames_vid3_i_ref.jpg,ref_D21_Wiko_Ridge4G/indoor,0.0400
D04_LG_D290_flat_frames_vid3_i_ref.jpg,ref_D23_Asus_Zenfone2Laser/indoor,0.1124
D04_LG_D290_flat_frames_vid3_i_ref.jpg,ref_D24_Xiaomi_RedmiNote3/indoor,0.0579
D04_LG_D290_flat_frames_vid3_i_ref.jpg,ref_D25_OnePlus_A3000/indoor,0.0648
D04_LG_D290_flat_frames_vid4_i_ref.jpg,ref_D01_Samsung_GalaxyS3Mini/indoor,0.0911
D04_LG_D290_flat_frames_vid4_i_ref.jpg,ref_D02_Apple_iPhone4s/indoor,0.0458
D04_LG_D290_flat_frames_vid4_i_ref.jpg,ref_D03_Huawei_P9/indoor,0.0508
D04_LG_D290_flat_frames_vid4_i_ref.jpg,ref_D04_LG_D290/indoor,0.3551
D04_LG_D290_flat_frames_vid4_i_ref.jpg,ref_D07_Lenovo_P70A/indoor,-0.1207
D04_LG_D290_flat_frames_vid4_i_ref.jpg,ref_D12_Sony_XperiaZ1Compact/indoor,0.0637
D04_LG_D290_flat_frames_vid4_i_ref.jpg,ref_D17_Microsoft_Lumia640LTE/indoor,0.0623
D04_LG_D290_flat_frames_vid4_i_ref.jpg,ref_D21_Wiko_Ridge4G/indoor,0.0444
D04_LG_D290_flat_frames_vid4_i_ref.jpg,ref_D23_Asus_Zenfone2Laser/indoor,0.1066
D04_LG_D290_flat_frames_vid4_i_ref.jpg,ref_D24_Xiaomi_RedmiNote3/indoor,0.0592
D04_LG_D290_flat_frames_vid4_i_ref.jpg,ref_D25_OnePlus_A3000/indoor,0.0684
D04_LG_D290_flat_frames_vid5_i_ref.jpg,ref_D01_Samsung_GalaxyS3Mini/indoor,0.1056
D04_LG_D290_flat_frames_vid5_i_ref.jpg,ref_D02_Apple_iPhone4s/indoor,0.0457
D04_LG_D290_flat_frames_vid5_i_ref.jpg,ref_D03_Huawei_P9/indoor,0.0514
D04_LG_D290_flat_frames_vid5_i_ref.jpg,ref_D04_LG_D290/indoor,0.3651
D04_LG_D290_flat_frames_vid5_i_ref.jpg,ref_D07_Lenovo_P70A/indoor,-0.1222
D04_LG_D290_flat_frames_vid5_i_ref.jpg,ref_D12_Sony_XperiaZ1Compact/indoor,0.0652
D04_LG_D290_flat_frames_vid5_i_ref.jpg,ref_D17_Microsoft_Lumia640LTE/indoor,0.0649
D04_LG_D290_flat_frames_vid5_i_ref.jpg,ref_D21_Wiko_Ridge4G/indoor,0.0438
D04_LG_D290_flat_frames_vid5_i_ref.jpg,ref_D23_Asus_Zenfone2Laser/indoor,0.1247
D04_LG_D290_flat_frames_vid5_i_ref.jpg,ref_D24_Xiaomi_RedmiNote3/indoor,0.0614
D04_LG_D290_flat_frames_vid5_i_ref.jpg,ref_D25_OnePlus_A3000/indoor,0.0695
D04_LG_D290_flat_frames_vid6_i_ref.jpg,ref_D01_Samsung_GalaxyS3Mini/indoor,0.0862
D04_LG_D290_flat_frames_vid6_i_ref.jpg,ref_D02_Apple_iPhone4s/indoor,0.0423
D04_LG_D290_flat_frames_vid6_i_ref.jpg,ref_D03_Huawei_P9/indoor,0.0483
D04_LG_D290_flat_frames_vid6_i_ref.jpg,ref_D04_LG_D290/indoor,0.3316
D04_LG_D290_flat_frames_vid6_i_ref.jpg,ref_D07_Lenovo_P70A/indoor,-0.1226
D04_LG_D290_flat_frames_vid6_i_ref.jpg,ref_D12_Sony_XperiaZ1Compact/indoor,0.0608
D04_LG_D290_flat_frames_vid6_i_ref.jpg,ref_D17_Microsoft_Lumia640LTE/indoor,0.0586
D04_LG_D290_flat_frames_vid6_i_ref.jpg,ref_D21_Wiko_Ridge4G/indoor,0.0400
D04_LG_D290_flat_frames_vid6_i_ref.jpg,ref_D23_Asus_Zenfone2Laser/indoor,0.1124
D04_LG_D290_flat_frames_vid6_i_ref.jpg,ref_D24_Xiaomi_RedmiNote3/indoor,0.0579
D04_LG_D290_flat_frames_vid6_i_ref.jpg,ref_D25_OnePlus_A3000/indoor,0.0648
D04_LG_D290_flat_frames_vid7_i_ref.jpg,ref_D01_Samsung_GalaxyS3Mini/indoor,0.0348
D04_LG_D290_flat_frames_vid7_i_ref.jpg,ref_D02_Apple_iPhone4s/indoor,0.0193
D04_LG_D290_flat_frames_vid7_i_ref.jpg,ref_D03_Huawei_P9/indoor,0.0180
D04_LG_D290_flat_frames_vid7_i_ref.jpg,ref_D04_LG_D290/indoor,0.2554
D04_LG_D290_flat_frames_vid7_i_ref.jpg,ref_D07_Lenovo_P70A/indoor,-0.0909
D04_LG_D290_flat_frames_vid7_i_ref.jpg,ref_D12_Sony_XperiaZ1Compact/indoor,0.0198
D04_LG_D290_flat_frames_vid7_i_ref.jpg,ref_D17_Microsoft_Lumia640LTE/indoor,0.0247
D04_LG_D290_flat_frames_vid7_i_ref.jpg,ref_D21_Wiko_Ridge4G/indoor,0.0192
D04_LG_D290_flat_frames_vid7_i_ref.jpg,ref_D23_Asus_Zenfone2Laser/indoor,0.0102
D04_LG_D290_flat_frames_vid7_i_ref.jpg,ref_D24_Xiaomi_RedmiNote3/indoor,0.0187
D04_LG_D290_flat_frames_vid7_i_ref.jpg,ref_D25_OnePlus_A3000/indoor,0.0245
D07_Lenovo_P70A_flat_frames_vid2_i_ref.jpg,ref_D01_Samsung_GalaxyS3Mini/indoor,0.3463
D07_Lenovo_P70A_flat_frames_vid2_i_ref.jpg,ref_D02_Apple_iPhone4s/indoor,0.0103
D07_Lenovo_P70A_flat_frames_vid2_i_ref.jpg,ref_D03_Huawei_P9/indoor,0.0134
D07_Lenovo_P70A_flat_frames_vid2_i_ref.jpg,ref_D04_LG_D290/indoor,0.1001
D07_Lenovo_P70A_flat_frames_vid2_i_ref.jpg,ref_D07_Lenovo_P70A/indoor,-0.1596
D07_Lenovo_P70A_flat_frames_vid2_i_ref.jpg,ref_D12_Sony_XperiaZ1Compact/indoor,0.0073
D07_Lenovo_P70A_flat_frames_vid2_i_ref.jpg,ref_D17_Microsoft_Lumia640LTE/indoor,0.0055
D07_Lenovo_P70A_flat_frames_vid2_i_ref.jpg,ref_D21_Wiko_Ridge4G/indoor,0.0184
D07_Lenovo_P70A_flat_frames_vid2_i_ref.jpg,ref_D23_Asus_Zenfone2Laser/indoor,0.1368
D07_Lenovo_P70A_flat_frames_vid2_i_ref.jpg,ref_D24_Xiaomi_RedmiNote3/indoor,0.0048
D07_Lenovo_P70A_flat_frames_vid2_i_ref.jpg,ref_D25_OnePlus_A3000/indoor,0.0108
D07_Lenovo_P70A_flat_frames_vid3_i_ref.jpg,ref_D01_Samsung_GalaxyS3Mini/indoor,0.1112
D07_Lenovo_P70A_flat_frames_vid3_i_ref.jpg,ref_D02_Apple_iPhone4s/indoor,0.0249
D07_Lenovo_P70A_flat_frames_vid3_i_ref.jpg,ref_D03_Huawei_P9/indoor,0.0239
D07_Lenovo_P70A_flat_frames_vid3_i_ref.jpg,ref_D04_LG_D290/indoor,0.0243
D07_Lenovo_P70A_flat_frames_vid3_i_ref.jpg,ref_D07_Lenovo_P70A/indoor,-0.0076
D07_Lenovo_P70A_flat_frames_vid3_i_ref.jpg,ref_D12_Sony_XperiaZ1Compact/indoor,0.0179
D07_Lenovo_P70A_flat_frames_vid3_i_ref.jpg,ref_D17_Microsoft_Lumia640LTE/indoor,0.0219
D07_Lenovo_P70A_flat_frames_vid3_i_ref.jpg,ref_D21_Wiko_Ridge4G/indoor,0.0226
D07_Lenovo_P70A_flat_frames_vid3_i_ref.jpg,ref_D23_Asus_Zenfone2Laser/indoor,0.0325
D07_Lenovo_P70A_flat_frames_vid3_i_ref.jpg,ref_D24_Xiaomi_RedmiNote3/indoor,0.0224
D07_Lenovo_P70A_flat_frames_vid3_i_ref.jpg,ref_D25_OnePlus_A3000/indoor,0.0210
D07_Lenovo_P70A_flat_frames_vid4_i_ref.jpg,ref_D01_Samsung_GalaxyS3Mini/indoor,0.5504
D07_Lenovo_P70A_flat_frames_vid4_i_ref.jpg,ref_D02_Apple_iPhone4s/indoor,0.0249
D07_Lenovo_P70A_flat_frames_vid4_i_ref.jpg,ref_D03_Huawei_P9/indoor,0.0212
D07_Lenovo_P70A_flat_frames_vid4_i_ref.jpg,ref_D04_LG_D290/indoor,0.1589
D07_Lenovo_P70A_flat_frames_vid4_i_ref.jpg,ref_D07_Lenovo_P70A/indoor,-0.1895
D07_Lenovo_P70A_flat_frames_vid4_i_ref.jpg,ref_D12_Sony_XperiaZ1Compact/indoor,0.0145
D07_Lenovo_P70A_flat_frames_vid4_i_ref.jpg,ref_D17_Microsoft_Lumia640LTE/indoor,0.0193
D07_Lenovo_P70A_flat_frames_vid4_i_ref.jpg,ref_D21_Wiko_Ridge4G/indoor,0.0398
D07_Lenovo_P70A_flat_frames_vid4_i_ref.jpg,ref_D23_Asus_Zenfone2Laser/indoor,0.1748
D07_Lenovo_P70A_flat_frames_vid4_i_ref.jpg,ref_D24_Xiaomi_RedmiNote3/indoor,0.0089
D07_Lenovo_P70A_flat_frames_vid4_i_ref.jpg,ref_D25_OnePlus_A3000/indoor,0.0077
D07_Lenovo_P70A_flat_frames_vid5_i_ref.jpg,ref_D01_Samsung_GalaxyS3Mini/indoor,0.3552
D07_Lenovo_P70A_flat_frames_vid5_i_ref.jpg,ref_D02_Apple_iPhone4s/indoor,0.0194
D07_Lenovo_P70A_flat_frames_vid5_i_ref.jpg,ref_D03_Huawei_P9/indoor,0.0212
D07_Lenovo_P70A_flat_frames_vid5_i_ref.jpg,ref_D04_LG_D290/indoor,0.0908
D07_Lenovo_P70A_flat_frames_vid5_i_ref.jpg,ref_D07_Lenovo_P70A/indoor,-0.1787
D07_Lenovo_P70A_flat_frames_vid5_i_ref.jpg,ref_D12_Sony_XperiaZ1Compact/indoor,0.0149
D07_Lenovo_P70A_flat_frames_vid5_i_ref.jpg,ref_D17_Microsoft_Lumia640LTE/indoor,0.0103
D07_Lenovo_P70A_flat_frames_vid5_i_ref.jpg,ref_D21_Wiko_Ridge4G/indoor,0.0241
D07_Lenovo_P70A_flat_frames_vid5_i_ref.jpg,ref_D23_Asus_Zenfone2Laser/indoor,0.1365
D07_Lenovo_P70A_flat_frames_vid5_i_ref.jpg,ref_D24_Xiaomi_RedmiNote3/indoor,0.0133
D07_Lenovo_P70A_flat_frames_vid5_i_ref.jpg,ref_D25_OnePlus_A3000/indoor,0.0194
D07_Lenovo_P70A_flat_frames_vid6_i_ref.jpg,ref_D01_Samsung_GalaxyS3Mini/indoor,0.1112
D07_Lenovo_P70A_flat_frames_vid6_i_ref.jpg,ref_D02_Apple_iPhone4s/indoor,0.0249
D07_Lenovo_P70A_flat_frames_vid6_i_ref.jpg,ref_D03_Huawei_P9/indoor,0.0239
D07_Lenovo_P70A_flat_frames_vid6_i_ref.jpg,ref_D04_LG_D290/indoor,0.0243
D07_Lenovo_P70A_flat_frames_vid6_i_ref.jpg,ref_D07_Lenovo_P70A/indoor,-0.0076
D07_Lenovo_P70A_flat_frames_vid6_i_ref.jpg,ref_D12_Sony_XperiaZ1Compact/indoor,0.0179
D07_Lenovo_P70A_flat_frames_vid6_i_ref.jpg,ref_D17_Microsoft_Lumia640LTE/indoor,0.0219
D07_Lenovo_P70A_flat_frames_vid6_i_ref.jpg,ref_D21_Wiko_Ridge4G/indoor,0.0226
D07_Lenovo_P70A_flat_frames_vid6_i_ref.jpg,ref_D23_Asus_Zenfone2Laser/indoor,0.0325
D07_Lenovo_P70A_flat_frames_vid6_i_ref.jpg,ref_D24_Xiaomi_RedmiNote3/indoor,0.0224
D07_Lenovo_P70A_flat_frames_vid6_i_ref.jpg,ref_D25_OnePlus_A3000/indoor,0.0210
D07_Lenovo_P70A_flat_frames_vid7_i_ref.jpg,ref_D01_Samsung_GalaxyS3Mini/indoor,0.3758
D07_Lenovo_P70A_flat_frames_vid7_i_ref.jpg,ref_D02_Apple_iPhone4s/indoor,0.0289
D07_Lenovo_P70A_flat_frames_vid7_i_ref.jpg,ref_D03_Huawei_P9/indoor,0.0254
D07_Lenovo_P70A_flat_frames_vid7_i_ref.jpg,ref_D04_LG_D290/indoor,0.0965
D07_Lenovo_P70A_flat_frames_vid7_i_ref.jpg,ref_D07_Lenovo_P70A/indoor,-0.1271
D07_Lenovo_P70A_flat_frames_vid7_i_ref.jpg,ref_D12_Sony_XperiaZ1Compact/indoor,0.0228
D07_Lenovo_P70A_flat_frames_vid7_i_ref.jpg,ref_D17_Microsoft_Lumia640LTE/indoor,0.0202
D07_Lenovo_P70A_flat_frames_vid7_i_ref.jpg,ref_D21_Wiko_Ridge4G/indoor,0.0411
D07_Lenovo_P70A_flat_frames_vid7_i_ref.jpg,ref_D23_Asus_Zenfone2Laser/indoor,0.0964
D07_Lenovo_P70A_flat_frames_vid7_i_ref.jpg,ref_D24_Xiaomi_RedmiNote3/indoor,0.0124
D07_Lenovo_P70A_flat_frames_vid7_i_ref.jpg,ref_D25_OnePlus_A3000/indoor,0.0118
D12_Sony_XperiaZ1Compact_flat_frames_vid2_i_ref.jpg,ref_D01_Samsung_GalaxyS3Mini/indoor,0.0173
D12_Sony_XperiaZ1Compact_flat_frames_vid2_i_ref.jpg,ref_D02_Apple_iPhone4s/indoor,0.7786
D12_Sony_XperiaZ1Compact_flat_frames_vid2_i_ref.jpg,ref_D03_Huawei_P9/indoor,0.8034
D12_Sony_XperiaZ1Compact_flat_frames_vid2_i_ref.jpg,ref_D04_LG_D290/indoor,0.0149
D12_Sony_XperiaZ1Compact_flat_frames_vid2_i_ref.jpg,ref_D07_Lenovo_P70A/indoor,0.0030
D12_Sony_XperiaZ1Compact_flat_frames_vid2_i_ref.jpg,ref_D12_Sony_XperiaZ1Compact/indoor,0.9235
D12_Sony_XperiaZ1Compact_flat_frames_vid2_i_ref.jpg,ref_D17_Microsoft_Lumia640LTE/indoor,0.8683
D12_Sony_XperiaZ1Compact_flat_frames_vid2_i_ref.jpg,ref_D21_Wiko_Ridge4G/indoor,0.7422
D12_Sony_XperiaZ1Compact_flat_frames_vid2_i_ref.jpg,ref_D23_Asus_Zenfone2Laser/indoor,0.0240
D12_Sony_XperiaZ1Compact_flat_frames_vid2_i_ref.jpg,ref_D24_Xiaomi_RedmiNote3/indoor,0.8481
D12_Sony_XperiaZ1Compact_flat_frames_vid2_i_ref.jpg,ref_D25_OnePlus_A3000/indoor,0.8631
D12_Sony_XperiaZ1Compact_flat_frames_vid3_i_ref.jpg,ref_D01_Samsung_GalaxyS3Mini/indoor,0.0058
D12_Sony_XperiaZ1Compact_flat_frames_vid3_i_ref.jpg,ref_D02_Apple_iPhone4s/indoor,0.7595
D12_Sony_XperiaZ1Compact_flat_frames_vid3_i_ref.jpg,ref_D03_Huawei_P9/indoor,0.7887
D12_Sony_XperiaZ1Compact_flat_frames_vid3_i_ref.jpg,ref_D04_LG_D290/indoor,0.0102
D12_Sony_XperiaZ1Compact_flat_frames_vid3_i_ref.jpg,ref_D07_Lenovo_P70A/indoor,0.0083
D12_Sony_XperiaZ1Compact_flat_frames_vid3_i_ref.jpg,ref_D12_Sony_XperiaZ1Compact/indoor,0.9182
D12_Sony_XperiaZ1Compact_flat_frames_vid3_i_ref.jpg,ref_D17_Microsoft_Lumia640LTE/indoor,0.8618
D12_Sony_XperiaZ1Compact_flat_frames_vid3_i_ref.jpg,ref_D21_Wiko_Ridge4G/indoor,0.7178
D12_Sony_XperiaZ1Compact_flat_frames_vid3_i_ref.jpg,ref_D23_Asus_Zenfone2Laser/indoor,0.0168
D12_Sony_XperiaZ1Compact_flat_frames_vid3_i_ref.jpg,ref_D24_Xiaomi_RedmiNote3/indoor,0.8337
D12_Sony_XperiaZ1Compact_flat_frames_vid3_i_ref.jpg,ref_D25_OnePlus_A3000/indoor,0.8668
D12_Sony_XperiaZ1Compact_flat_frames_vid4_i_ref.jpg,ref_D01_Samsung_GalaxyS3Mini/indoor,0.0220
D12_Sony_XperiaZ1Compact_flat_frames_vid4_i_ref.jpg,ref_D02_Apple_iPhone4s/indoor,0.7918
D12_Sony_XperiaZ1Compact_flat_frames_vid4_i_ref.jpg,ref_D03_Huawei_P9/indoor,0.8180
D12_Sony_XperiaZ1Compact_flat_frames_vid4_i_ref.jpg,ref_D04_LG_D290/indoor,0.0194
D12_Sony_XperiaZ1Compact_flat_frames_vid4_i_ref.jpg,ref_D07_Lenovo_P70A/indoor,-0.0047
D12_Sony_XperiaZ1Compact_flat_frames_vid4_i_ref.jpg,ref_D12_Sony_XperiaZ1Compact/indoor,0.9399
D12_Sony_XperiaZ1Compact_flat_frames_vid4_i_ref.jpg,ref_D17_Microsoft_Lumia640LTE/indoor,0.8889
D12_Sony_XperiaZ1Compact_flat_frames_vid4_i_ref.jpg,ref_D21_Wiko_Ridge4G/indoor,0.7601
D12_Sony_XperiaZ1Compact_flat_frames_vid4_i_ref.jpg,ref_D23_Asus_Zenfone2Laser/indoor,0.0262
D12_Sony_XperiaZ1Compact_flat_frames_vid4_i_ref.jpg,ref_D24_Xiaomi_RedmiNote3/indoor,0.8553
D12_Sony_XperiaZ1Compact_flat_frames_vid4_i_ref.jpg,ref_D25_OnePlus_A3000/indoor,0.8731
D12_Sony_XperiaZ1Compact_flat_frames_vid5_i_ref.jpg,ref_D01_Samsung_GalaxyS3Mini/indoor,0.0189
D12_Sony_XperiaZ1Compact_flat_frames_vid5_i_ref.jpg,ref_D02_Apple_iPhone4s/indoor,0.7884
D12_Sony_XperiaZ1Compact_flat_frames_vid5_i_ref.jpg,ref_D03_Huawei_P9/indoor,0.8118
D12_Sony_XperiaZ1Compact_flat_frames_vid5_i_ref.jpg,ref_D04_LG_D290/indoor,0.0184
D12_Sony_XperiaZ1Compact_flat_frames_vid5_i_ref.jpg,ref_D07_Lenovo_P70A/indoor,-0.0012
D12_Sony_XperiaZ1Compact_flat_frames_vid5_i_ref.jpg,ref_D12_Sony_XperiaZ1Compact/indoor,0.9263
D12_Sony_XperiaZ1Compact_flat_frames_vid5_i_ref.jpg,ref_D17_Microsoft_Lumia640LTE/indoor,0.8926
D12_Sony_XperiaZ1Compact_flat_frames_vid5_i_ref.jpg,ref_D21_Wiko_Ridge4G/indoor,0.7684
D12_Sony_XperiaZ1Compact_flat_frames_vid5_i_ref.jpg,ref_D23_Asus_Zenfone2Laser/indoor,0.0280
D12_Sony_XperiaZ1Compact_flat_frames_vid5_i_ref.jpg,ref_D24_Xiaomi_RedmiNote3/indoor,0.8510
D12_Sony_XperiaZ1Compact_flat_frames_vid5_i_ref.jpg,ref_D25_OnePlus_A3000/indoor,0.8662
D12_Sony_XperiaZ1Compact_flat_frames_vid6_i_ref.jpg,ref_D01_Samsung_GalaxyS3Mini/indoor,0.0524
D12_Sony_XperiaZ1Compact_flat_frames_vid6_i_ref.jpg,ref_D02_Apple_iPhone4s/indoor,0.8176
D12_Sony_XperiaZ1Compact_flat_frames_vid6_i_ref.jpg,ref_D03_Huawei_P9/indoor,0.8178
D12_Sony_XperiaZ1Compact_flat_frames_vid6_i_ref.jpg,ref_D04_LG_D290/indoor,0.0125
D12_Sony_XperiaZ1Compact_flat_frames_vid6_i_ref.jpg,ref_D07_Lenovo_P70A/indoor,-0.0080
D12_Sony_XperiaZ1Compact_flat_frames_vid6_i_ref.jpg,ref_D12_Sony_XperiaZ1Compact/indoor,0.7561
D12_Sony_XperiaZ1Compact_flat_frames_vid6_i_ref.jpg,ref_D17_Microsoft_Lumia640LTE/indoor,0.7979
D12_Sony_XperiaZ1Compact_flat_frames_vid6_i_ref.jpg,ref_D21_Wiko_Ridge4G/indoor,0.8595
D12_Sony_XperiaZ1Compact_flat_frames_vid6_i_ref.jpg,ref_D23_Asus_Zenfone2Laser/indoor,0.0234
D12_Sony_XperiaZ1Compact_flat_frames_vid6_i_ref.jpg,ref_D24_Xiaomi_RedmiNote3/indoor,0.7662
D12_Sony_XperiaZ1Compact_flat_frames_vid6_i_ref.jpg,ref_D25_OnePlus_A3000/indoor,0.7107
D12_Sony_XperiaZ1Compact_flat_frames_vid7_i_ref.jpg,ref_D01_Samsung_GalaxyS3Mini/indoor,-0.0252
D12_Sony_XperiaZ1Compact_flat_frames_vid7_i_ref.jpg,ref_D02_Apple_iPhone4s/indoor,0.7141
D12_Sony_XperiaZ1Compact_flat_frames_vid7_i_ref.jpg,ref_D03_Huawei_P9/indoor,0.7362
D12_Sony_XperiaZ1Compact_flat_frames_vid7_i_ref.jpg,ref_D04_LG_D290/indoor,0.0103
D12_Sony_XperiaZ1Compact_flat_frames_vid7_i_ref.jpg,ref_D07_Lenovo_P70A/indoor,0.0094
D12_Sony_XperiaZ1Compact_flat_frames_vid7_i_ref.jpg,ref_D12_Sony_XperiaZ1Compact/indoor,0.8602
D12_Sony_XperiaZ1Compact_flat_frames_vid7_i_ref.jpg,ref_D17_Microsoft_Lumia640LTE/indoor,0.8233
D12_Sony_XperiaZ1Compact_flat_frames_vid7_i_ref.jpg,ref_D21_Wiko_Ridge4G/indoor,0.6666
D12_Sony_XperiaZ1Compact_flat_frames_vid7_i_ref.jpg,ref_D23_Asus_Zenfone2Laser/indoor,0.0165
D12_Sony_XperiaZ1Compact_flat_frames_vid7_i_ref.jpg,ref_D24_Xiaomi_RedmiNote3/indoor,0.7898
D12_Sony_XperiaZ1Compact_flat_frames_vid7_i_ref.jpg,ref_D25_OnePlus_A3000/indoor,0.8162
D17_Microsoft_Lumia640LTE_flat_frames_vid2_i_ref.jpg,ref_D01_Samsung_GalaxyS3Mini/indoor,-0.0117
D17_Microsoft_Lumia640LTE_flat_frames_vid2_i_ref.jpg,ref_D02_Apple_iPhone4s/indoor,0.7427
D17_Microsoft_Lumia640LTE_flat_frames_vid2_i_ref.jpg,ref_D03_Huawei_P9/indoor,0.7694
D17_Microsoft_Lumia640LTE_flat_frames_vid2_i_ref.jpg,ref_D04_LG_D290/indoor,0.0108
D17_Microsoft_Lumia640LTE_flat_frames_vid2_i_ref.jpg,ref_D07_Lenovo_P70A/indoor,0.0059
D17_Microsoft_Lumia640LTE_flat_frames_vid2_i_ref.jpg,ref_D12_Sony_XperiaZ1Compact/indoor,0.8922
D17_Microsoft_Lumia640LTE_flat_frames_vid2_i_ref.jpg,ref_D17_Microsoft_Lumia640LTE/indoor,0.8564
D17_Microsoft_Lumia640LTE_flat_frames_vid2_i_ref.jpg,ref_D21_Wiko_Ridge4G/indoor,0.7124
D17_Microsoft_Lumia640LTE_flat_frames_vid2_i_ref.jpg,ref_D23_Asus_Zenfone2Laser/indoor,0.0154
D17_Microsoft_Lumia640LTE_flat_frames_vid2_i_ref.jpg,ref_D24_Xiaomi_RedmiNote3/indoor,0.8197
D17_Microsoft_Lumia640LTE_flat_frames_vid2_i_ref.jpg,ref_D25_OnePlus_A3000/indoor,0.8442
D17_Microsoft_Lumia640LTE_flat_frames_vid3_i_ref.jpg,ref_D01_Samsung_GalaxyS3Mini/indoor,0.0100
D17_Microsoft_Lumia640LTE_flat_frames_vid3_i_ref.jpg,ref_D02_Apple_iPhone4s/indoor,0.7795
D17_Microsoft_Lumia640LTE_flat_frames_vid3_i_ref.jpg,ref_D03_Huawei_P9/indoor,0.7994
D17_Microsoft_Lumia640LTE_flat_frames_vid3_i_ref.jpg,ref_D04_LG_D290/indoor,0.0307
D17_Microsoft_Lumia640LTE_flat_frames_vid3_i_ref.jpg,ref_D07_Lenovo_P70A/indoor,-0.0051
D17_Microsoft_Lumia640LTE_flat_frames_vid3_i_ref.jpg,ref_D12_Sony_XperiaZ1Compact/indoor,0.9055
D17_Microsoft_Lumia640LTE_flat_frames_vid3_i_ref.jpg,ref_D17_Microsoft_Lumia640LTE/indoor,0.8933
D17_Microsoft_Lumia640LTE_flat_frames_vid3_i_ref.jpg,ref_D21_Wiko_Ridge4G/indoor,0.7776
D17_Microsoft_Lumia640LTE_flat_frames_vid3_i_ref.jpg,ref_D23_Asus_Zenfone2Laser/indoor,0.0438
D17_Microsoft_Lumia640LTE_flat_frames_vid3_i_ref.jpg,ref_D24_Xiaomi_RedmiNote3/indoor,0.8403
D17_Microsoft_Lumia640LTE_flat_frames_vid3_i_ref.jpg,ref_D25_OnePlus_A3000/indoor,0.8237
D17_Microsoft_Lumia640LTE_flat_frames_vid4_i_ref.jpg,ref_D01_Samsung_GalaxyS3Mini/indoor,-0.0150
D17_Microsoft_Lumia640LTE_flat_frames_vid4_i_ref.jpg,ref_D02_Apple_iPhone4s/indoor,0.7411
D17_Microsoft_Lumia640LTE_flat_frames_vid4_i_ref.jpg,ref_D03_Huawei_P9/indoor,0.7515
D17_Microsoft_Lumia640LTE_flat_frames_vid4_i_ref.jpg,ref_D04_LG_D290/indoor,0.0180
D17_Microsoft_Lumia640LTE_flat_frames_vid4_i_ref.jpg,ref_D07_Lenovo_P70A/indoor,-0.0086
D17_Microsoft_Lumia640LTE_flat_frames_vid4_i_ref.jpg,ref_D12_Sony_XperiaZ1Compact/indoor,0.8790
D17_Microsoft_Lumia640LTE_flat_frames_vid4_i_ref.jpg,ref_D17_Microsoft_Lumia640LTE/indoor,0.8536
D17_Microsoft_Lumia640LTE_flat_frames_vid4_i_ref.jpg,ref_D21_Wiko_Ridge4G/indoor,0.7257
D17_Microsoft_Lumia640LTE_flat_frames_vid4_i_ref.jpg,ref_D23_Asus_Zenfone2Laser/indoor,0.0239
D17_Microsoft_Lumia640LTE_flat_frames_vid4_i_ref.jpg,ref_D24_Xiaomi_RedmiNote3/indoor,0.7957
D17_Microsoft_Lumia640LTE_flat_frames_vid4_i_ref.jpg,ref_D25_OnePlus_A3000/indoor,0.8033
D21_Wiko_Ridge4G_flat_frames_vid2_i_ref.jpg,ref_D01_Samsung_GalaxyS3Mini/indoor,0.0434
D21_Wiko_Ridge4G_flat_frames_vid2_i_ref.jpg,ref_D02_Apple_iPhone4s/indoor,0.8881
D21_Wiko_Ridge4G_flat_frames_vid2_i_ref.jpg,ref_D03_Huawei_P9/indoor,0.8735
D21_Wiko_Ridge4G_flat_frames_vid2_i_ref.jpg,ref_D04_LG_D290/indoor,0.0165
D21_Wiko_Ridge4G_flat_frames_vid2_i_ref.jpg,ref_D07_Lenovo_P70A/indoor,-0.0087
D21_Wiko_Ridge4G_flat_frames_vid2_i_ref.jpg,ref_D12_Sony_XperiaZ1Compact/indoor,0.8404
D21_Wiko_Ridge4G_flat_frames_vid2_i_ref.jpg,ref_D17_Microsoft_Lumia640LTE/indoor,0.8482
D21_Wiko_Ridge4G_flat_frames_vid2_i_ref.jpg,ref_D21_Wiko_Ridge4G/indoor,0.9113
D21_Wiko_Ridge4G_flat_frames_vid2_i_ref.jpg,ref_D23_Asus_Zenfone2Laser/indoor,0.0288
D21_Wiko_Ridge4G_flat_frames_vid2_i_ref.jpg,ref_D24_Xiaomi_RedmiNote3/indoor,0.8249
D21_Wiko_Ridge4G_flat_frames_vid2_i_ref.jpg,ref_D25_OnePlus_A3000/indoor,0.7833
D21_Wiko_Ridge4G_flat_frames_vid3_i_ref.jpg,ref_D01_Samsung_GalaxyS3Mini/indoor,0.0385
D21_Wiko_Ridge4G_flat_frames_vid3_i_ref.jpg,ref_D02_Apple_iPhone4s/indoor,0.8753
D21_Wiko_Ridge4G_flat_frames_vid3_i_ref.jpg,ref_D03_Huawei_P9/indoor,0.8558
D21_Wiko_Ridge4G_flat_frames_vid3_i_ref.jpg,ref_D04_LG_D290/indoor,0.0221
D21_Wiko_Ridge4G_flat_frames_vid3_i_ref.jpg,ref_D07_Lenovo_P70A/indoor,-0.0118
D21_Wiko_Ridge4G_flat_frames_vid3_i_ref.jpg,ref_D12_Sony_XperiaZ1Compact/indoor,0.8598
D21_Wiko_Ridge4G_flat_frames_vid3_i_ref.jpg,ref_D17_Microsoft_Lumia640LTE/indoor,0.8515
D21_Wiko_Ridge4G_flat_frames_vid3_i_ref.jpg,ref_D21_Wiko_Ridge4G/indoor,0.8804
D21_Wiko_Ridge4G_flat_frames_vid3_i_ref.jpg,ref_D23_Asus_Zenfone2Laser/indoor,0.0366
D21_Wiko_Ridge4G_flat_frames_vid3_i_ref.jpg,ref_D24_Xiaomi_RedmiNote3/indoor,0.8306
D21_Wiko_Ridge4G_flat_frames_vid3_i_ref.jpg,ref_D25_OnePlus_A3000/indoor,0.8058
D21_Wiko_Ridge4G_flat_frames_vid4_i_ref.jpg,ref_D01_Samsung_GalaxyS3Mini/indoor,0.0680
D21_Wiko_Ridge4G_flat_frames_vid4_i_ref.jpg,ref_D02_Apple_iPhone4s/indoor,0.8589
D21_Wiko_Ridge4G_flat_frames_vid4_i_ref.jpg,ref_D03_Huawei_P9/indoor,0.8454
D21_Wiko_Ridge4G_flat_frames_vid4_i_ref.jpg,ref_D04_LG_D290/indoor,0.0057
D21_Wiko_Ridge4G_flat_frames_vid4_i_ref.jpg,ref_D07_Lenovo_P70A/indoor,-0.0062
D21_Wiko_Ridge4G_flat_frames_vid4_i_ref.jpg,ref_D12_Sony_XperiaZ1Compact/indoor,0.7500
D21_Wiko_Ridge4G_flat_frames_vid4_i_ref.jpg,ref_D17_Microsoft_Lumia640LTE/indoor,0.7955
D21_Wiko_Ridge4G_flat_frames_vid4_i_ref.jpg,ref_D21_Wiko_Ridge4G/indoor,0.9107
D21_Wiko_Ridge4G_flat_frames_vid4_i_ref.jpg,ref_D23_Asus_Zenfone2Laser/indoor,0.0147
D21_Wiko_Ridge4G_flat_frames_vid4_i_ref.jpg,ref_D24_Xiaomi_RedmiNote3/indoor,0.7683
D21_Wiko_Ridge4G_flat_frames_vid4_i_ref.jpg,ref_D25_OnePlus_A3000/indoor,0.7148
D23_Asus_Zenfone2Laser_flat_frames_vid2_i_ref.jpg,ref_D01_Samsung_GalaxyS3Mini/indoor,0.0838
D23_Asus_Zenfone2Laser_flat_frames_vid2_i_ref.jpg,ref_D02_Apple_iPhone4s/indoor,0.0289
D23_Asus_Zenfone2Laser_flat_frames_vid2_i_ref.jpg,ref_D03_Huawei_P9/indoor,0.0319
D23_Asus_Zenfone2Laser_flat_frames_vid2_i_ref.jpg,ref_D04_LG_D290/indoor,0.0490
D23_Asus_Zenfone2Laser_flat_frames_vid2_i_ref.jpg,ref_D07_Lenovo_P70A/indoor,0.0266
D23_Asus_Zenfone2Laser_flat_frames_vid2_i_ref.jpg,ref_D12_Sony_XperiaZ1Compact/indoor,0.0417
D23_Asus_Zenfone2Laser_flat_frames_vid2_i_ref.jpg,ref_D17_Microsoft_Lumia640LTE/indoor,0.0361
D23_Asus_Zenfone2Laser_flat_frames_vid2_i_ref.jpg,ref_D21_Wiko_Ridge4G/indoor,0.0236
D23_Asus_Zenfone2Laser_flat_frames_vid2_i_ref.jpg,ref_D23_Asus_Zenfone2Laser/indoor,0.0612
D23_Asus_Zenfone2Laser_flat_frames_vid2_i_ref.jpg,ref_D24_Xiaomi_RedmiNote3/indoor,0.0401
D23_Asus_Zenfone2Laser_flat_frames_vid2_i_ref.jpg,ref_D25_OnePlus_A3000/indoor,0.0369
D23_Asus_Zenfone2Laser_flat_frames_vid3_i_ref.jpg,ref_D01_Samsung_GalaxyS3Mini/indoor,-0.2150
D23_Asus_Zenfone2Laser_flat_frames_vid3_i_ref.jpg,ref_D02_Apple_iPhone4s/indoor,-0.0181
D23_Asus_Zenfone2Laser_flat_frames_vid3_i_ref.jpg,ref_D03_Huawei_P9/indoor,-0.0187
D23_Asus_Zenfone2Laser_flat_frames_vid3_i_ref.jpg,ref_D04_LG_D290/indoor,-0.2551
D23_Asus_Zenfone2Laser_flat_frames_vid3_i_ref.jpg,ref_D07_Lenovo_P70A/indoor,0.1284
D23_Asus_Zenfone2Laser_flat_frames_vid3_i_ref.jpg,ref_D12_Sony_XperiaZ1Compact/indoor,-0.0299
D23_Asus_Zenfone2Laser_flat_frames_vid3_i_ref.jpg,ref_D17_Microsoft_Lumia640LTE/indoor,-0.0279
D23_Asus_Zenfone2Laser_flat_frames_vid3_i_ref.jpg,ref_D21_Wiko_Ridge4G/indoor,-0.0142
D23_Asus_Zenfone2Laser_flat_frames_vid3_i_ref.jpg,ref_D23_Asus_Zenfone2Laser/indoor,-0.1520
D23_Asus_Zenfone2Laser_flat_frames_vid3_i_ref.jpg,ref_D24_Xiaomi_RedmiNote3/indoor,-0.0293
D23_Asus_Zenfone2Laser_flat_frames_vid3_i_ref.jpg,ref_D25_OnePlus_A3000/indoor,-0.0288
D23_Asus_Zenfone2Laser_flat_frames_vid4_i_ref.jpg,ref_D01_Samsung_GalaxyS3Mini/indoor,0.1468
D23_Asus_Zenfone2Laser_flat_frames_vid4_i_ref.jpg,ref_D02_Apple_iPhone4s/indoor,0.0204
D23_Asus_Zenfone2Laser_flat_frames_vid4_i_ref.jpg,ref_D03_Huawei_P9/indoor,0.0248
D23_Asus_Zenfone2Laser_flat_frames_vid4_i_ref.jpg,ref_D04_LG_D290/indoor,0.1311
D23_Asus_Zenfone2Laser_flat_frames_vid4_i_ref.jpg,ref_D07_Lenovo_P70A/indoor,-0.1171
D23_Asus_Zenfone2Laser_flat_frames_vid4_i_ref.jpg,ref_D12_Sony_XperiaZ1Compact/indoor,0.0415
D23_Asus_Zenfone2Laser_flat_frames_vid4_i_ref.jpg,ref_D17_Microsoft_Lumia640LTE/indoor,0.0397
D23_Asus_Zenfone2Laser_flat_frames_vid4_i_ref.jpg,ref_D21_Wiko_Ridge4G/indoor,0.0164
D23_Asus_Zenfone2Laser_flat_frames_vid4_i_ref.jpg,ref_D23_Asus_Zenfone2Laser/indoor,0.1471
D23_Asus_Zenfone2Laser_flat_frames_vid4_i_ref.jpg,ref_D24_Xiaomi_RedmiNote3/indoor,0.0343
D23_Asus_Zenfone2Laser_flat_frames_vid4_i_ref.jpg,ref_D25_OnePlus_A3000/indoor,0.0432
D23_Asus_Zenfone2Laser_flat_frames_vid5_i_ref.jpg,ref_D01_Samsung_GalaxyS3Mini/indoor,0.2112
D23_Asus_Zenfone2Laser_flat_frames_vid5_i_ref.jpg,ref_D02_Apple_iPhone4s/indoor,0.0565
D23_Asus_Zenfone2Laser_flat_frames_vid5_i_ref.jpg,ref_D03_Huawei_P9/indoor,0.0686
D23_Asus_Zenfone2Laser_flat_frames_vid5_i_ref.jpg,ref_D04_LG_D290/indoor,0.2561
D23_Asus_Zenfone2Laser_flat_frames_vid5_i_ref.jpg,ref_D07_Lenovo_P70A/indoor,-0.1752
D23_Asus_Zenfone2Laser_flat_frames_vid5_i_ref.jpg,ref_D12_Sony_XperiaZ1Compact/indoor,0.0959
D23_Asus_Zenfone2Laser_flat_frames_vid5_i_ref.jpg,ref_D17_Microsoft_Lumia640LTE/indoor,0.0914
D23_Asus_Zenfone2Laser_flat_frames_vid5_i_ref.jpg,ref_D21_Wiko_Ridge4G/indoor,0.0491
D23_Asus_Zenfone2Laser_flat_frames_vid5_i_ref.jpg,ref_D23_Asus_Zenfone2Laser/indoor,0.2656
D23_Asus_Zenfone2Laser_flat_frames_vid5_i_ref.jpg,ref_D24_Xiaomi_RedmiNote3/indoor,0.0890
D23_Asus_Zenfone2Laser_flat_frames_vid5_i_ref.jpg,ref_D25_OnePlus_A3000/indoor,0.1000
D23_Asus_Zenfone2Laser_flat_frames_vid6_i_ref.jpg,ref_D01_Samsung_GalaxyS3Mini/indoor,0.0703
D23_Asus_Zenfone2Laser_flat_frames_vid6_i_ref.jpg,ref_D02_Apple_iPhone4s/indoor,0.0258
D23_Asus_Zenfone2Laser_flat_frames_vid6_i_ref.jpg,ref_D03_Huawei_P9/indoor,0.0260
D23_Asus_Zenfone2Laser_flat_frames_vid6_i_ref.jpg,ref_D04_LG_D290/indoor,0.0506
D23_Asus_Zenfone2Laser_flat_frames_vid6_i_ref.jpg,ref_D07_Lenovo_P70A/indoor,0.0066
D23_Asus_Zenfone2Laser_flat_frames_vid6_i_ref.jpg,ref_D12_Sony_XperiaZ1Compact/indoor,0.0348
D23_Asus_Zenfone2Laser_flat_frames_vid6_i_ref.jpg,ref_D17_Microsoft_Lumia640LTE/indoor,0.0350
D23_Asus_Zenfone2Laser_flat_frames_vid6_i_ref.jpg,ref_D21_Wiko_Ridge4G/indoor,0.0212
D23_Asus_Zenfone2Laser_flat_frames_vid6_i_ref.jpg,ref_D23_Asus_Zenfone2Laser/indoor,-0.0386
D23_Asus_Zenfone2Laser_flat_frames_vid6_i_ref.jpg,ref_D24_Xiaomi_RedmiNote3/indoor,0.0328
D23_Asus_Zenfone2Laser_flat_frames_vid6_i_ref.jpg,ref_D25_OnePlus_A3000/indoor,0.0363
D23_Asus_Zenfone2Laser_flat_frames_vid7_i_ref.jpg,ref_D01_Samsung_GalaxyS3Mini/indoor,-0.2150
D23_Asus_Zenfone2Laser_flat_frames_vid7_i_ref.jpg,ref_D02_Apple_iPhone4s/indoor,-0.0181
D23_Asus_Zenfone2Laser_flat_frames_vid7_i_ref.jpg,ref_D03_Huawei_P9/indoor,-0.0187
D23_Asus_Zenfone2Laser_flat_frames_vid7_i_ref.jpg,ref_D04_LG_D290/indoor,-0.2551
D23_Asus_Zenfone2Laser_flat_frames_vid7_i_ref.jpg,ref_D07_Lenovo_P70A/indoor,0.1284
D23_Asus_Zenfone2Laser_flat_frames_vid7_i_ref.jpg,ref_D12_Sony_XperiaZ1Compact/indoor,-0.0299
D23_Asus_Zenfone2Laser_flat_frames_vid7_i_ref.jpg,ref_D17_Microsoft_Lumia640LTE/indoor,-0.0279
D23_Asus_Zenfone2Laser_flat_frames_vid7_i_ref.jpg,ref_D21_Wiko_Ridge4G/indoor,-0.0142
D23_Asus_Zenfone2Laser_flat_frames_vid7_i_ref.jpg,ref_D23_Asus_Zenfone2Laser/indoor,-0.1520
D23_Asus_Zenfone2Laser_flat_frames_vid7_i_ref.jpg,ref_D24_Xiaomi_RedmiNote3/indoor,-0.0293
D23_Asus_Zenfone2Laser_flat_frames_vid7_i_ref.jpg,ref_D25_OnePlus_A3000/indoor,-0.0288
D24_Xiaomi_RedmiNote3_flat_frames_vid2_i_ref.jpg,ref_D01_Samsung_GalaxyS3Mini/indoor,0.0209
D24_Xiaomi_RedmiNote3_flat_frames_vid2_i_ref.jpg,ref_D02_Apple_iPhone4s/indoor,0.8521
D24_Xiaomi_RedmiNote3_flat_frames_vid2_i_ref.jpg,ref_D03_Huawei_P9/indoor,0.8711
D24_Xiaomi_RedmiNote3_flat_frames_vid2_i_ref.jpg,ref_D04_LG_D290/indoor,0.0340
D24_Xiaomi_RedmiNote3_flat_frames_vid2_i_ref.jpg,ref_D07_Lenovo_P70A/indoor,-0.0096
D24_Xiaomi_RedmiNote3_flat_frames_vid2_i_ref.jpg,ref_D12_Sony_XperiaZ1Compact/indoor,0.9064
D24_Xiaomi_RedmiNote3_flat_frames_vid2_i_ref.jpg,ref_D17_Microsoft_Lumia640LTE/indoor,0.8910
D24_Xiaomi_RedmiNote3_flat_frames_vid2_i_ref.jpg,ref_D21_Wiko_Ridge4G/indoor,0.8234
D24_Xiaomi_RedmiNote3_flat_frames_vid2_i_ref.jpg,ref_D23_Asus_Zenfone2Laser/indoor,0.0539
D24_Xiaomi_RedmiNote3_flat_frames_vid2_i_ref.jpg,ref_D24_Xiaomi_RedmiNote3/indoor,0.8765
D24_Xiaomi_RedmiNote3_flat_frames_vid2_i_ref.jpg,ref_D25_OnePlus_A3000/indoor,0.8361
D24_Xiaomi_RedmiNote3_flat_frames_vid3_i_ref.jpg,ref_D01_Samsung_GalaxyS3Mini/indoor,0.0136
D24_Xiaomi_RedmiNote3_flat_frames_vid3_i_ref.jpg,ref_D02_Apple_iPhone4s/indoor,0.7922
D24_Xiaomi_RedmiNote3_flat_frames_vid3_i_ref.jpg,ref_D03_Huawei_P9/indoor,0.8156
D24_Xiaomi_RedmiNote3_flat_frames_vid3_i_ref.jpg,ref_D04_LG_D290/indoor,0.0181
D24_Xiaomi_RedmiNote3_flat_frames_vid3_i_ref.jpg,ref_D07_Lenovo_P70A/indoor,-0.0095
D24_Xiaomi_RedmiNote3_flat_frames_vid3_i_ref.jpg,ref_D12_Sony_XperiaZ1Compact/indoor,0.9288
D24_Xiaomi_RedmiNote3_flat_frames_vid3_i_ref.jpg,ref_D17_Microsoft_Lumia640LTE/indoor,0.8895
D24_Xiaomi_RedmiNote3_flat_frames_vid3_i_ref.jpg,ref_D21_Wiko_Ridge4G/indoor,0.7563
D24_Xiaomi_RedmiNote3_flat_frames_vid3_i_ref.jpg,ref_D23_Asus_Zenfone2Laser/indoor,0.0249
D24_Xiaomi_RedmiNote3_flat_frames_vid3_i_ref.jpg,ref_D24_Xiaomi_RedmiNote3/indoor,0.8575
D24_Xiaomi_RedmiNote3_flat_frames_vid3_i_ref.jpg,ref_D25_OnePlus_A3000/indoor,0.8546
D24_Xiaomi_RedmiNote3_flat_frames_vid4_i_ref.jpg,ref_D01_Samsung_GalaxyS3Mini/indoor,0.0146
D24_Xiaomi_RedmiNote3_flat_frames_vid4_i_ref.jpg,ref_D02_Apple_iPhone4s/indoor,0.8146
D24_Xiaomi_RedmiNote3_flat_frames_vid4_i_ref.jpg,ref_D03_Huawei_P9/indoor,0.8390
D24_Xiaomi_RedmiNote3_flat_frames_vid4_i_ref.jpg,ref_D04_LG_D290/indoor,0.0308
D24_Xiaomi_RedmiNote3_flat_frames_vid4_i_ref.jpg,ref_D07_Lenovo_P70A/indoor,-0.0066
D24_Xiaomi_RedmiNote3_flat_frames_vid4_i_ref.jpg,ref_D12_Sony_XperiaZ1Compact/indoor,0.9465
D24_Xiaomi_RedmiNote3_flat_frames_vid4_i_ref.jpg,ref_D17_Microsoft_Lumia640LTE/indoor,0.9057
D24_Xiaomi_RedmiNote3_flat_frames_vid4_i_ref.jpg,ref_D21_Wiko_Ridge4G/indoor,0.7839
D24_Xiaomi_RedmiNote3_flat_frames_vid4_i_ref.jpg,ref_D23_Asus_Zenfone2Laser/indoor,0.0426
D24_Xiaomi_RedmiNote3_flat_frames_vid4_i_ref.jpg,ref_D24_Xiaomi_RedmiNote3/indoor,0.8748
D24_Xiaomi_RedmiNote3_flat_frames_vid4_i_ref.jpg,ref_D25_OnePlus_A3000/indoor,0.8627
D24_Xiaomi_RedmiNote3_flat_frames_vid5_i_ref.jpg,ref_D01_Samsung_GalaxyS3Mini/indoor,0.0142
D24_Xiaomi_RedmiNote3_flat_frames_vid5_i_ref.jpg,ref_D02_Apple_iPhone4s/indoor,0.8159
D24_Xiaomi_RedmiNote3_flat_frames_vid5_i_ref.jpg,ref_D03_Huawei_P9/indoor,0.8407
D24_Xiaomi_RedmiNote3_flat_frames_vid5_i_ref.jpg,ref_D04_LG_D290/indoor,0.0309
D24_Xiaomi_RedmiNote3_flat_frames_vid5_i_ref.jpg,ref_D07_Lenovo_P70A/indoor,-0.0070
D24_Xiaomi_RedmiNote3_flat_frames_vid5_i_ref.jpg,ref_D12_Sony_XperiaZ1Compact/indoor,0.9481
D24_Xiaomi_RedmiNote3_flat_frames_vid5_i_ref.jpg,ref_D17_Microsoft_Lumia640LTE/indoor,0.9070
D24_Xiaomi_RedmiNote3_flat_frames_vid5_i_ref.jpg,ref_D21_Wiko_Ridge4G/indoor,0.7842
D24_Xiaomi_RedmiNote3_flat_frames_vid5_i_ref.jpg,ref_D23_Asus_Zenfone2Laser/indoor,0.0427
D24_Xiaomi_RedmiNote3_flat_frames_vid5_i_ref.jpg,ref_D24_Xiaomi_RedmiNote3/indoor,0.8762
D24_Xiaomi_RedmiNote3_flat_frames_vid5_i_ref.jpg,ref_D25_OnePlus_A3000/indoor,0.8639
D24_Xiaomi_RedmiNote3_flat_frames_vid6_i_ref.jpg,ref_D01_Samsung_GalaxyS3Mini/indoor,0.0136
D24_Xiaomi_RedmiNote3_flat_frames_vid6_i_ref.jpg,ref_D02_Apple_iPhone4s/indoor,0.7922
D24_Xiaomi_RedmiNote3_flat_frames_vid6_i_ref.jpg,ref_D03_Huawei_P9/indoor,0.8156
D24_Xiaomi_RedmiNote3_flat_frames_vid6_i_ref.jpg,ref_D04_LG_D290/indoor,0.0181
D24_Xiaomi_RedmiNote3_flat_frames_vid6_i_ref.jpg,ref_D07_Lenovo_P70A/indoor,-0.0095
D24_Xiaomi_RedmiNote3_flat_frames_vid6_i_ref.jpg,ref_D12_Sony_XperiaZ1Compact/indoor,0.9288
D24_Xiaomi_RedmiNote3_flat_frames_vid6_i_ref.jpg,ref_D17_Microsoft_Lumia640LTE/indoor,0.8895
D24_Xiaomi_RedmiNote3_flat_frames_vid6_i_ref.jpg,ref_D21_Wiko_Ridge4G/indoor,0.7563
D24_Xiaomi_RedmiNote3_flat_frames_vid6_i_ref.jpg,ref_D23_Asus_Zenfone2Laser/indoor,0.0249
D24_Xiaomi_RedmiNote3_flat_frames_vid6_i_ref.jpg,ref_D24_Xiaomi_RedmiNote3/indoor,0.8575
D24_Xiaomi_RedmiNote3_flat_frames_vid6_i_ref.jpg,ref_D25_OnePlus_A3000/indoor,0.8546
D24_Xiaomi_RedmiNote3_flat_frames_vid7_i_ref.jpg,ref_D01_Samsung_GalaxyS3Mini/indoor,0.0052
D24_Xiaomi_RedmiNote3_flat_frames_vid7_i_ref.jpg,ref_D02_Apple_iPhone4s/indoor,0.8088
D24_Xiaomi_RedmiNote3_flat_frames_vid7_i_ref.jpg,ref_D03_Huawei_P9/indoor,0.8335
D24_Xiaomi_RedmiNote3_flat_frames_vid7_i_ref.jpg,ref_D04_LG_D290/indoor,0.0297
D24_Xiaomi_RedmiNote3_flat_frames_vid7_i_ref.jpg,ref_D07_Lenovo_P70A/indoor,-0.0064
D24_Xiaomi_RedmiNote3_flat_frames_vid7_i_ref.jpg,ref_D12_Sony_XperiaZ1Compact/indoor,0.9414
D24_Xiaomi_RedmiNote3_flat_frames_vid7_i_ref.jpg,ref_D17_Microsoft_Lumia640LTE/indoor,0.8976
D24_Xiaomi_RedmiNote3_flat_frames_vid7_i_ref.jpg,ref_D21_Wiko_Ridge4G/indoor,0.7729
D24_Xiaomi_RedmiNote3_flat_frames_vid7_i_ref.jpg,ref_D23_Asus_Zenfone2Laser/indoor,0.0407
D24_Xiaomi_RedmiNote3_flat_frames_vid7_i_ref.jpg,ref_D24_Xiaomi_RedmiNote3/indoor,0.8722
D24_Xiaomi_RedmiNote3_flat_frames_vid7_i_ref.jpg,ref_D25_OnePlus_A3000/indoor,0.8627
D25_OnePlus_A3000_flat_frames_vid2_i_ref.jpg,ref_D01_Samsung_GalaxyS3Mini/indoor,0.0111
D25_OnePlus_A3000_flat_frames_vid2_i_ref.jpg,ref_D02_Apple_iPhone4s/indoor,0.7677
D25_OnePlus_A3000_flat_frames_vid2_i_ref.jpg,ref_D03_Huawei_P9/indoor,0.8031
D25_OnePlus_A3000_flat_frames_vid2_i_ref.jpg,ref_D04_LG_D290/indoor,0.0168
D25_OnePlus_A3000_flat_frames_vid2_i_ref.jpg,ref_D07_Lenovo_P70A/indoor,-0.0055
D25_OnePlus_A3000_flat_frames_vid2_i_ref.jpg,ref_D12_Sony_XperiaZ1Compact/indoor,0.9188
D25_OnePlus_A3000_flat_frames_vid2_i_ref.jpg,ref_D17_Microsoft_Lumia640LTE/indoor,0.8537
D25_OnePlus_A3000_flat_frames_vid2_i_ref.jpg,ref_D21_Wiko_Ridge4G/indoor,0.7087
D25_OnePlus_A3000_flat_frames_vid2_i_ref.jpg,ref_D23_Asus_Zenfone2Laser/indoor,0.0226
D25_OnePlus_A3000_flat_frames_vid2_i_ref.jpg,ref_D24_Xiaomi_RedmiNote3/indoor,0.8438
D25_OnePlus_A3000_flat_frames_vid2_i_ref.jpg,ref_D25_OnePlus_A3000/indoor,0.8716
D25_OnePlus_A3000_flat_frames_vid3_i_ref.jpg,ref_D01_Samsung_GalaxyS3Mini/indoor,0.0209
D25_OnePlus_A3000_flat_frames_vid3_i_ref.jpg,ref_D02_Apple_iPhone4s/indoor,0.8252
D25_OnePlus_A3000_flat_frames_vid3_i_ref.jpg,ref_D03_Huawei_P9/indoor,0.8559
D25_OnePlus_A3000_flat_frames_vid3_i_ref.jpg,ref_D04_LG_D290/indoor,0.0316
D25_OnePlus_A3000_flat_frames_vid3_i_ref.jpg,ref_D07_Lenovo_P70A/indoor,-0.0063
D25_OnePlus_A3000_flat_frames_vid3_i_ref.jpg,ref_D12_Sony_XperiaZ1Compact/indoor,0.9545
D25_OnePlus_A3000_flat_frames_vid3_i_ref.jpg,ref_D17_Microsoft_Lumia640LTE/indoor,0.9014
D25_OnePlus_A3000_flat_frames_vid3_i_ref.jpg,ref_D21_Wiko_Ridge4G/indoor,0.7799
D25_OnePlus_A3000_flat_frames_vid3_i_ref.jpg,ref_D23_Asus_Zenfone2Laser/indoor,0.0447
D25_OnePlus_A3000_flat_frames_vid3_i_ref.jpg,ref_D24_Xiaomi_RedmiNote3/indoor,0.8815
D25_OnePlus_A3000_flat_frames_vid3_i_ref.jpg,ref_D25_OnePlus_A3000/indoor,0.8790
D25_OnePlus_A3000_flat_frames_vid4_i_ref.jpg,ref_D01_Samsung_GalaxyS3Mini/indoor,0.0094
D25_OnePlus_A3000_flat_frames_vid4_i_ref.jpg,ref_D02_Apple_iPhone4s/indoor,0.8005
D25_OnePlus_A3000_flat_frames_vid4_i_ref.jpg,ref_D03_Huawei_P9/indoor,0.8311
D25_OnePlus_A3000_flat_frames_vid4_i_ref.jpg,ref_D04_LG_D290/indoor,0.0182
D25_OnePlus_A3000_flat_frames_vid4_i_ref.jpg,ref_D07_Lenovo_P70A/indoor,-0.0054
D25_OnePlus_A3000_flat_frames_vid4_i_ref.jpg,ref_D12_Sony_XperiaZ1Compact/indoor,0.9419
D25_OnePlus_A3000_flat_frames_vid4_i_ref.jpg,ref_D17_Microsoft_Lumia640LTE/indoor,0.8837
D25_OnePlus_A3000_flat_frames_vid4_i_ref.jpg,ref_D21_Wiko_Ridge4G/indoor,0.7520
D25_OnePlus_A3000_flat_frames_vid4_i_ref.jpg,ref_D23_Asus_Zenfone2Laser/indoor,0.0252
D25_OnePlus_A3000_flat_frames_vid4_i_ref.jpg,ref_D24_Xiaomi_RedmiNote3/indoor,0.8656
D25_OnePlus_A3000_flat_frames_vid4_i_ref.jpg,ref_D25_OnePlus_A3000/indoor,0.8698
D25_OnePlus_A3000_flat_frames_vid5_i_ref.jpg,ref_D01_Samsung_GalaxyS3Mini/indoor,0.0103
D25_OnePlus_A3000_flat_frames_vid5_i_ref.jpg,ref_D02_Apple_iPhone4s/indoor,0.8021
D25_OnePlus_A3000_flat_frames_vid5_i_ref.jpg,ref_D03_Huawei_P9/indoor,0.8316
D25_OnePlus_A3000_flat_frames_vid5_i_ref.jpg,ref_D04_LG_D290/indoor,0.0184
D25_OnePlus_A3000_flat_frames_vid5_i_ref.jpg,ref_D07_Lenovo_P70A/indoor,-0.0056
D25_OnePlus_A3000_flat_frames_vid5_i_ref.jpg,ref_D12_Sony_XperiaZ1Compact/indoor,0.9425
D25_OnePlus_A3000_flat_frames_vid5_i_ref.jpg,ref_D17_Microsoft_Lumia640LTE/indoor,0.8856
D25_OnePlus_A3000_flat_frames_vid5_i_ref.jpg,ref_D21_Wiko_Ridge4G/indoor,0.7544
D25_OnePlus_A3000_flat_frames_vid5_i_ref.jpg,ref_D23_Asus_Zenfone2Laser/indoor,0.0256
D25_OnePlus_A3000_flat_frames_vid5_i_ref.jpg,ref_D24_Xiaomi_RedmiNote3/indoor,0.8672
D25_OnePlus_A3000_flat_frames_vid5_i_ref.jpg,ref_D25_OnePlus_A3000/indoor,0.8698
D25_OnePlus_A3000_flat_frames_vid6_i_ref.jpg,ref_D01_Samsung_GalaxyS3Mini/indoor,0.0209
D25_OnePlus_A3000_flat_frames_vid6_i_ref.jpg,ref_D02_Apple_iPhone4s/indoor,0.8252
D25_OnePlus_A3000_flat_frames_vid6_i_ref.jpg,ref_D03_Huawei_P9/indoor,0.8559
D25_OnePlus_A3000_flat_frames_vid6_i_ref.jpg,ref_D04_LG_D290/indoor,0.0316
D25_OnePlus_A3000_flat_frames_vid6_i_ref.jpg,ref_D07_Lenovo_P70A/indoor,-0.0063
D25_OnePlus_A3000_flat_frames_vid6_i_ref.jpg,ref_D12_Sony_XperiaZ1Compact/indoor,0.9545
D25_OnePlus_A3000_flat_frames_vid6_i_ref.jpg,ref_D17_Microsoft_Lumia640LTE/indoor,0.9014
D25_OnePlus_A3000_flat_frames_vid6_i_ref.jpg,ref_D21_Wiko_Ridge4G/indoor,0.7799
D25_OnePlus_A3000_flat_frames_vid6_i_ref.jpg,ref_D23_Asus_Zenfone2Laser/indoor,0.0447
D25_OnePlus_A3000_flat_frames_vid6_i_ref.jpg,ref_D24_Xiaomi_RedmiNote3/indoor,0.8815
D25_OnePlus_A3000_flat_frames_vid6_i_ref.jpg,ref_D25_OnePlus_A3000/indoor,0.8790
D25_OnePlus_A3000_flat_frames_vid7_i_ref.jpg,ref_D01_Samsung_GalaxyS3Mini/indoor,0.0187
D25_OnePlus_A3000_flat_frames_vid7_i_ref.jpg,ref_D02_Apple_iPhone4s/indoor,0.8268
D25_OnePlus_A3000_flat_frames_vid7_i_ref.jpg,ref_D03_Huawei_P9/indoor,0.8574
D25_OnePlus_A3000_flat_frames_vid7_i_ref.jpg,ref_D04_LG_D290/indoor,0.0315
D25_OnePlus_A3000_flat_frames_vid7_i_ref.jpg,ref_D07_Lenovo_P70A/indoor,-0.0058
D25_OnePlus_A3000_flat_frames_vid7_i_ref.jpg,ref_D12_Sony_XperiaZ1Compact/indoor,0.9515
D25_OnePlus_A3000_flat_frames_vid7_i_ref.jpg,ref_D17_Microsoft_Lumia640LTE/indoor,0.9028
D25_OnePlus_A3000_flat_frames_vid7_i_ref.jpg,ref_D21_Wiko_Ridge4G/indoor,0.7803
D25_OnePlus_A3000_flat_frames_vid7_i_ref.jpg,ref_D23_Asus_Zenfone2Laser/indoor,0.0450
D25_OnePlus_A3000_flat_frames_vid7_i_ref.jpg,ref_D24_Xiaomi_RedmiNote3/indoor,0.8809
D25_OnePlus_A3000_flat_frames_vid7_i_ref.jpg,ref_D25_OnePlus_A3000/indoor,0.8768
