D01_Samsung_GalaxyS3Mini_flat_frames_vid2_i_ref.jpg,ref_D01_Samsung_GalaxyS3Mini/flat,0.5720
D01_Samsung_GalaxyS3Mini_flat_frames_vid2_i_ref.jpg,ref_D02_Apple_iPhone4s/flat,0.0419
D01_Samsung_GalaxyS3Mini_flat_frames_vid2_i_ref.jpg,ref_D03_Huawei_P9/flat,-0.0074
D01_Samsung_GalaxyS3Mini_flat_frames_vid2_i_ref.jpg,ref_D04_LG_D290/flat,-0.1905
D01_Samsung_GalaxyS3Mini_flat_frames_vid2_i_ref.jpg,ref_D07_Lenovo_P70A/flat,-0.4154
D01_Samsung_GalaxyS3Mini_flat_frames_vid2_i_ref.jpg,ref_D12_Sony_XperiaZ1Compact/flat,-0.0370
D01_Samsung_GalaxyS3Mini_flat_frames_vid2_i_ref.jpg,ref_D17_Microsoft_Lumia640LTE/flat,-0.0790
D01_Samsung_GalaxyS3Mini_flat_frames_vid2_i_ref.jpg,ref_D21_Wiko_Ridge4G/flat,-0.0640
D01_Samsung_GalaxyS3Mini_flat_frames_vid2_i_ref.jpg,ref_D23_Asus_Zenfone2Laser/flat,0.3738
D01_Samsung_GalaxyS3Mini_flat_frames_vid2_i_ref.jpg,ref_D24_Xiaomi_RedmiNote3/flat,-0.0496
D01_Samsung_GalaxyS3Mini_flat_frames_vid2_i_ref.jpg,ref_D25_OnePlus_A3000/flat,0.0165
D01_Samsung_GalaxyS3Mini_flat_frames_vid3_i_ref.jpg,ref_D01_Samsung_GalaxyS3Mini/flat,0.4708
D01_Samsung_GalaxyS3Mini_flat_frames_vid3_i_ref.jpg,ref_D02_Apple_iPhone4s/flat,0.0204
D01_Samsung_GalaxyS3Mini_flat_frames_vid3_i_ref.jpg,ref_D03_Huawei_P9/flat,-0.0047
D01_Samsung_GalaxyS3Mini_flat_frames_vid3_i_ref.jpg,ref_D04_LG_D290/flat,-0.1082
D01_Samsung_GalaxyS3Mini_flat_frames_vid3_i_ref.jpg,ref_D07_Lenovo_P70A/flat,-0.2658
D01_Samsung_GalaxyS3Mini_flat_frames_vid3_i_ref.jpg,ref_D12_Sony_XperiaZ1Compact/flat,-0.0271
D01_Samsung_GalaxyS3Mini_flat_frames_vid3_i_ref.jpg,ref_D17_Microsoft_Lumia640LTE/flat,-0.0688
D01_Samsung_GalaxyS3Mini_flat_frames_vid3_i_ref.jpg,ref_D21_Wiko_Ridge4G/flat,-0.0419
D01_Samsung_GalaxyS3Mini_flat_frames_vid3_i_ref.jpg,ref_D23_Asus_Zenfone2Laser/flat,0.1826
D01_Samsung_GalaxyS3Mini_flat_frames_vid3_i_ref.jpg,ref_D24_Xiaomi_RedmiNote3/flat,-0.0276
D01_Samsung_GalaxyS3Mini_flat_frames_vid3_i_ref.jpg,ref_D25_OnePlus_A3000/flat,0.0172
D01_Samsung_GalaxyS3Mini_flat_frames_vid4_i_ref.jpg,ref_D01_Samsung_GalaxyS3Mini/flat,0.5446
D01_Samsung_GalaxyS3Mini_flat_frames_vid4_i_ref.jpg,ref_D02_Apple_iPhone4s/flat,0.0188
D01_Samsung_GalaxyS3Mini_flat_frames_vid4_i_ref.jpg,ref_D03_Huawei_P9/flat,0.0042
D01_Samsung_GalaxyS3Mini_flat_frames_vid4_i_ref.jpg,ref_D04_LG_D290/flat,-0.0999
D01_Samsung_GalaxyS3Mini_flat_frames_vid4_i_ref.jpg,ref_D07_Lenovo_P70A/flat,-0.5450
D01_Samsung_GalaxyS3Mini_flat_frames_vid4_i_ref.jpg,ref_D12_Sony_XperiaZ1Compact/flat,-0.0022
D01_Samsung_GalaxyS3Mini_flat_frames_vid4_i_ref.jpg,ref_D17_Microsoft_Lumia640LTE/flat,-0.0517
D01_Samsung_GalaxyS3Mini_flat_frames_vid4_i_ref.jpg,ref_D21_Wiko_Ridge4G/flat,-0.0279
D01_Samsung_GalaxyS3Mini_flat_frames_vid4_i_ref.jpg,ref_D23_Asus_Zenfone2Laser/flat,0.1363
D01_Samsung_GalaxyS3Mini_flat_frames_vid4_i_ref.jpg,ref_D24_Xiaomi_RedmiNote3/flat,-0.0347
D01_Samsung_GalaxyS3Mini_flat_frames_vid4_i_ref.jpg,ref_D25_OnePlus_A3000/flat,0.0106
D02_Apple_iPhone4s_flat_frames_vid2_i_ref.jpg,ref_D01_Samsung_GalaxyS3Mini/flat,-0.0091
D02_Apple_iPhone4s_flat_frames_vid2_i_ref.jpg,ref_D02_Apple_iPhone4s/flat,0.8922
D02_Apple_iPhone4s_flat_frames_vid2_i_ref.jpg,ref_D03_Huawei_P9/flat,0.9468
D02_Apple_iPhone4s_flat_frames_vid2_i_ref.jpg,ref_D04_LG_D290/flat,0.0662
D02_Apple_iPhone4s_flat_frames_vid2_i_ref.jpg,ref_D07_Lenovo_P70A/flat,0.0186
D02_Apple_iPhone4s_flat_frames_vid2_i_ref.jpg,ref_D12_Sony_XperiaZ1Compact/flat,0.9105
D02_Apple_iPhone4s_flat_frames_vid2_i_ref.jpg,ref_D17_Microsoft_Lumia640LTE/flat,0.8614
D02_Apple_iPhone4s_flat_frames_vid2_i_ref.jpg,ref_D21_Wiko_Ridge4G/flat,0.8444
D02_Apple_iPhone4s_flat_frames_vid2_i_ref.jpg,ref_D23_Asus_Zenfone2Laser/flat,-0.0211
D02_Apple_iPhone4s_flat_frames_vid2_i_ref.jpg,ref_D24_Xiaomi_RedmiNote3/flat,0.8687
D02_Apple_iPhone4s_flat_frames_vid2_i_ref.jpg,ref_D25_OnePlus_A3000/flat,0.9158
D02_Apple_iPhone4s_flat_frames_vid3_i_ref.jpg,ref_D01_Samsung_GalaxyS3Mini/flat,0.0225
D02_Apple_iPhone4s_flat_frames_vid3_i_ref.jpg,ref_D02_Apple_iPhone4s/flat,0.9700
D02_Apple_iPhone4s_flat_frames_vid3_i_ref.jpg,ref_D03_Huawei_P9/flat,0.8928
D02_Apple_iPhone4s_flat_frames_vid3_i_ref.jpg,ref_D04_LG_D290/flat,0.0589
D02_Apple_iPhone4s_flat_frames_vid3_i_ref.jpg,ref_D07_Lenovo_P70A/flat,0.0127
D02_Apple_iPhone4s_flat_frames_vid3_i_ref.jpg,ref_D12_Sony_XperiaZ1Compact/flat,0.8662
D02_Apple_iPhone4s_flat_frames_vid3_i_ref.jpg,ref_D17_Microsoft_Lumia640LTE/flat,0.7645
D02_Apple_iPhone4s_flat_frames_vid3_i_ref.jpg,ref_D21_Wiko_Ridge4G/flat,0.7370
D02_Apple_iPhone4s_flat_frames_vid3_i_ref.jpg,ref_D23_Asus_Zenfone2Laser/flat,-0.0026
D02_Apple_iPhone4s_flat_frames_vid3_i_ref.jpg,ref_D24_Xiaomi_RedmiNote3/flat,0.7691
D02_Apple_iPhone4s_flat_frames_vid3_i_ref.jpg,ref_D25_OnePlus_A3000/flat,0.9250
D02_Apple_iPhone4s_flat_frames_vid4_i_ref.jpg,ref_D01_Samsung_GalaxyS3Mini/flat,-0.0011
D02_Apple_iPhone4s_flat_frames_vid4_i_ref.jpg,ref_D02_Apple_iPhone4s/flat,0.9106
D02_Apple_iPhone4s_flat_frames_vid4_i_ref.jpg,ref_D03_Huawei_P9/flat,0.9479
D02_Apple_iPhone4s_flat_frames_vid4_i_ref.jpg,ref_D04_LG_D290/flat,0.0618
D02_Apple_iPhone4s_flat_frames_vid4_i_ref.jpg,ref_D07_Lenovo_P70A/flat,0.0208
D02_Apple_iPhone4s_flat_frames_vid4_i_ref.jpg,ref_D12_Sony_XperiaZ1Compact/flat,0.9042
D02_Apple_iPhone4s_flat_frames_vid4_i_ref.jpg,ref_D17_Microsoft_Lumia640LTE/flat,0.8530
D02_Apple_iPhone4s_flat_frames_vid4_i_ref.jpg,ref_D21_Wiko_Ridge4G/flat,0.8317
D02_Apple_iPhone4s_flat_frames_vid4_i_ref.jpg,ref_D23_Asus_Zenfone2Laser/flat,-0.0153
D02_Apple_iPhone4s_flat_frames_vid4_i_ref.jpg,ref_D24_Xiaomi_RedmiNote3/flat,0.8637
D02_Apple_iPhone4s_flat_frames_vid4_i_ref.jpg,ref_D25_OnePlus_A3000/flat,0.9346
D03_Huawei_P9_flat_frames_vid2_i_ref.jpg,ref_D01_Samsung_GalaxyS3Mini/flat,-0.0083
D03_Huawei_P9_flat_frames_vid2_i_ref.jpg,ref_D02_Apple_iPhone4s/flat,0.9156
D03_Huawei_P9_flat_frames_vid2_i_ref.jpg,ref_D03_Huawei_P9/flat,0.9772
D03_Huawei_P9_flat_frames_vid2_i_ref.jpg,ref_D04_LG_D290/flat,0.0595
D03_Huawei_P9_flat_frames_vid2_i_ref.jpg,ref_D07_Lenovo_P70A/flat,0.0146
D03_Huawei_P9_flat_frames_vid2_i_ref.jpg,ref_D12_Sony_XperiaZ1Compact/flat,0.9152
D03_Huawei_P9_flat_frames_vid2_i_ref.jpg,ref_D17_Microsoft_Lumia640LTE/flat,0.8303
D03_Huawei_P9_flat_frames_vid2_i_ref.jpg,ref_D21_Wiko_Ridge4G/flat,0.8193
D03_Huawei_P9_flat_frames_vid2_i_ref.jpg,ref_D23_Asus_Zenfone2Laser/flat,-0.0147
D03_Huawei_P9_flat_frames_vid2_i_ref.jpg,ref_D24_Xiaomi_RedmiNote3/flat,0.8609
D03_Huawei_P9_flat_frames_vid2_i_ref.jpg,ref_D25_OnePlus_A3000/flat,0.9513
D03_Huawei_P9_flat_frames_vid3_i_ref.jpg,ref_D01_Samsung_GalaxyS3Mini/flat,-0.0165
D03_Huawei_P9_flat_frames_vid3_i_ref.jpg,ref_D02_Apple_iPhone4s/flat,0.8888
D03_Huawei_P9_flat_frames_vid3_i_ref.jpg,ref_D03_Huawei_P9/flat,0.9674
D03_Huawei_P9_flat_frames_vid3_i_ref.jpg,ref_D04_LG_D290/flat,0.0648
D03_Huawei_P9_flat_frames_vid3_i_ref.jpg,ref_D07_Lenovo_P70A/flat,0.0193
D03_Huawei_P9_flat_frames_vid3_i_ref.jpg,ref_D12_Sony_XperiaZ1Compact/flat,0.9186
D03_Huawei_P9_flat_frames_vid3_i_ref.jpg,ref_D17_Microsoft_Lumia640LTE/flat,0.8480
D03_Huawei_P9_flat_frames_vid3_i_ref.jpg,ref_D21_Wiko_Ridge4G/flat,0.8466
D03_Huawei_P9_flat_frames_vid3_i_ref.jpg,ref_D23_Asus_Zenfone2Laser/flat,-0.0217
D03_Huawei_P9_flat_frames_vid3_i_ref.jpg,ref_D24_Xiaomi_RedmiNote3/flat,0.8926
D03_Huawei_P9_flat_frames_vid3_i_ref.jpg,ref_D25_OnePlus_A3000/flat,0.9323
D03_Huawei_P9_flat_frames_vid4_i_ref.jpg,ref_D01_Samsung_GalaxyS3Mini/flat,-0.0158
D03_Huawei_P9_flat_frames_vid4_i_ref.jpg,ref_D02_Apple_iPhone4s/flat,0.8952
D03_Huawei_P9_flat_frames_vid4_i_ref.jpg,ref_D03_Huawei_P9/flat,0.9717
D03_Huawei_P9_flat_frames_vid4_i_ref.jpg,ref_D04_LG_D290/flat,0.0652
D03_Huawei_P9_flat_frames_vid4_i_ref.jpg,ref_D07_Lenovo_P70A/flat,0.0188
D03_Huawei_P9_flat_frames_vid4_i_ref.jpg,ref_D12_Sony_XperiaZ1Compact/flat,0.9215
D03_Huawei_P9_flat_frames_vid4_i_ref.jpg,ref_D17_Microsoft_Lumia640LTE/flat,0.8471
D03_Huawei_P9_flat_frames_vid4_i_ref.jpg,ref_D21_Wiko_Ridge4G/flat,0.8463
D03_Huawei_P9_flat_frames_vid4_i_ref.jpg,ref_D23_Asus_Zenfone2Laser/flat,-0.0217
D03_Huawei_P9_flat_frames_vid4_i_ref.jpg,ref_D24_Xiaomi_RedmiNote3/flat,0.8923
D03_Huawei_P9_flat_frames_vid4_i_ref.jpg,ref_D25_OnePlus_A3000/flat,0.9395
D03_Huawei_P9_flat_frames_vid5_i_ref.jpg,ref_D01_Samsung_GalaxyS3Mini/flat,-0.0157
D03_Huawei_P9_flat_frames_vid5_i_ref.jpg,ref_D02_Apple_iPhone4s/flat,0.8790
D03_Huawei_P9_flat_frames_vid5_i_ref.jpg,ref_D03_Huawei_P9/flat,0.9455
D03_Huawei_P9_flat_frames_vid5_i_ref.jpg,ref_D04_LG_D290/flat,0.0576
D03_Huawei_P9_flat_frames_vid5_i_ref.jpg,ref_D07_Lenovo_P70A/flat,0.0267
D03_Huawei_P9_flat_frames_vid5_i_ref.jpg,ref_D12_Sony_XperiaZ1Compact/flat,0.9105
D03_Huawei_P9_flat_frames_vid5_i_ref.jpg,ref_D17_Microsoft_Lumia640LTE/flat,0.8700
D03_Huawei_P9_flat_frames_vid5_i_ref.jpg,ref_D21_Wiko_Ridge4G/flat,0.8671
D03_Huawei_P9_flat_frames_vid5_i_ref.jpg,ref_D23_Asus_Zenfone2Laser/flat,-0.0175
D03_Huawei_P9_flat_frames_vid5_i_ref.jpg,ref_D24_Xiaomi_RedmiNote3/flat,0.9185
D03_Huawei_P9_flat_frames_vid5_i_ref.jpg,ref_D25_OnePlus_A3000/flat,0.9269
D03_Huawei_P9_flat_frames_vid6_i_ref.jpg,ref_D01_Samsung_GalaxyS3Mini/flat,-0.0165
D03_Huawei_P9_flat_frames_vid6_i_ref.jpg,ref_D02_Apple_iPhone4s/flat,0.8888
D03_Huawei_P9_flat_frames_vid6_i_ref.jpg,ref_D03_Huawei_P9/flat,0.9674
D03_Huawei_P9_flat_frames_vid6_i_ref.jpg,ref_D04_LG_D290/flat,0.0648
D03_Huawei_P9_flat_frames_vid6_i_ref.jpg,ref_D07_Lenovo_P70A/flat,0.0193
D03_Huawei_P9_flat_frames_vid6_i_ref.jpg,ref_D12_Sony_XperiaZ1Compact/flat,0.9186
D03_Huawei_P9_flat_frames_vid6_i_ref.jpg,ref_D17_Microsoft_Lumia640LTE/flat,0.8480
D03_Huawei_P9_flat_frames_vid6_i_ref.jpg,ref_D21_Wiko_Ridge4G/flat,0.8466
D03_Huawei_P9_flat_frames_vid6_i_ref.jpg,ref_D23_Asus_Zenfone2Laser/flat,-0.0217
D03_Huawei_P9_flat_frames_vid6_i_ref.jpg,ref_D24_Xiaomi_RedmiNote3/flat,0.8926
D03_Huawei_P9_flat_frames_vid6_i_ref.jpg,ref_D25_OnePlus_A3000/flat,0.9323
D03_Huawei_P9_flat_frames_vid7_i_ref.jpg,ref_D01_Samsung_GalaxyS3Mini/flat,-0.0174
D03_Huawei_P9_flat_frames_vid7_i_ref.jpg,ref_D02_Apple_iPhone4s/flat,0.8604
D03_Huawei_P9_flat_frames_vid7_i_ref.jpg,ref_D03_Huawei_P9/flat,0.9401
D03_Huawei_P9_flat_frames_vid7_i_ref.jpg,ref_D04_LG_D290/flat,0.0603
D03_Huawei_P9_flat_frames_vid7_i_ref.jpg,ref_D07_Lenovo_P70A/flat,0.0149
D03_Huawei_P9_flat_frames_vid7_i_ref.jpg,ref_D12_Sony_XperiaZ1Compact/flat,0.9138
D03_Huawei_P9_flat_frames_vid7_i_ref.jpg,ref_D17_Microsoft_Lumia640LTE/flat,0.8632
D03_Huawei_P9_flat_frames_vid7_i_ref.jpg,ref_D21_Wiko_Ridge4G/flat,0.8607
D03_Huawei_P9_flat_frames_vid7_i_ref.jpg,ref_D23_Asus_Zenfone2Laser/flat,-0.0233
D03_Huawei_P9_flat_frames_vid7_i_ref.jpg,ref_D24_Xiaomi_RedmiNote3/flat,0.9116
D03_Huawei_P9_flat_frames_vid7_i_ref.jpg,ref_D25_OnePlus_A3000/flat,0.9057
D04_LG_D290_flat_frames_vid2_i_ref.jpg,ref_D01_Samsung_GalaxyS3Mini/flat,-0.1061
D04_LG_D290_flat_frames_vid2_i_ref.jpg,ref_D02_Apple_iPhone4s/flat,0.0552
D04_LG_D290_flat_frames_vid2_i_ref.jpg,ref_D03_Huawei_P9/flat,0.0571
D04_LG_D290_flat_frames_vid2_i_ref.jpg,ref_D04_LG_D290/flat,0.8955
D04_LG_D290_flat_frames_vid2_i_ref.jpg,ref_D07_Lenovo_P70A/flat,0.1516
D04_LG_D290_flat_frames_vid2_i_ref.jpg,ref_D12_Sony_XperiaZ1Compact/flat,0.0592
D04_LG_D290_flat_frames_vid2_i_ref.jpg,ref_D17_Microsoft_Lumia640LTE/flat,0.0499
D04_LG_D290_flat_frames_vid2_i_ref.jpg,ref_D21_Wiko_Ridge4G/flat,0.0452
D04_LG_D290_flat_frames_vid2_i_ref.jpg,ref_D23_Asus_Zenfone2Laser/flat,-0.3004
D04_LG_D290_flat_frames_vid2_i_ref.jpg,ref_D24_Xiaomi_RedmiNote3/flat,0.0508
D04_LG_D290_flat_frames_vid2_i_ref.jpg,ref_D25_OnePlus_A3000/flat,0.0597
D04_LG_D290_flat_frames_vid3_i_ref.jpg,ref_D01_Samsung_GalaxyS3Mini/flat,-0.0951
D04_LG_D290_flat_frames_vid3_i_ref.jpg,ref_D02_Apple_iPhone4s/flat,0.0572
D04_LG_D290_flat_frames_vid3_i_ref.jpg,ref_D03_Huawei_P9/flat,0.0532
D04_LG_D290_flat_frames_vid3_i_ref.jpg,ref_D04_LG_D290/flat,0.8024
D04_LG_D290_flat_frames_vid3_i_ref.jpg,ref_D07_Lenovo_P70A/flat,0.2051
D04_LG_D290_flat_frames_vid3_i_ref.jpg,ref_D12_Sony_XperiaZ1Compact/flat,0.0570
D04_LG_D290_flat_frames_vid3_i_ref.jpg,ref_D17_Microsoft_Lumia640LTE/flat,0.0485
D04_LG_D290_flat_frames_vid3_i_ref.jpg,ref_D21_Wiko_Ridge4G/flat,0.0439
D04_LG_D290_flat_frames_vid3_i_ref.jpg,ref_D23_Asus_Zenfone2Laser/flat,-0.2740
D04_LG_D290_flat_frames_vid3_i_ref.jpg,ref_D24_Xiaomi_RedmiNote3/flat,0.0509
D04_LG_D290_flat_frames_vid3_i_ref.jpg,ref_D25_OnePlus_A3000/flat,0.0608
D04_LG_D290_flat_frames_vid4_i_ref.jpg,ref_D01_Samsung_GalaxyS3Mini/flat,-0.0965
D04_LG_D290_flat_frames_vid4_i_ref.jpg,ref_D02_Apple_iPhone4s/flat,0.0625
D04_LG_D290_flat_frames_vid4_i_ref.jpg,ref_D03_Huawei_P9/flat,0.0584
D04_LG_D290_flat_frames_vid4_i_ref.jpg,ref_D04_LG_D290/flat,0.8919
D04_LG_D290_flat_frames_vid4_i_ref.jpg,ref_D07_Lenovo_P70A/flat,0.1719
D04_LG_D290_flat_frames_vid4_i_ref.jpg,ref_D12_Sony_XperiaZ1Compact/flat,0.0611
D04_LG_D290_flat_frames_vid4_i_ref.jpg,ref_D17_Microsoft_Lumia640LTE/flat,0.0489
D04_LG_D290_flat_frames_vid4_i_ref.jpg,ref_D21_Wiko_Ridge4G/flat,0.0468
D04_LG_D290_flat_frames_vid4_i_ref.jpg,ref_D23_Asus_Zenfone2Laser/flat,-0.2474
D04_LG_D290_flat_frames_vid4_i_ref.jpg,ref_D24_Xiaomi_RedmiNote3/flat,0.0498
D04_LG_D290_flat_frames_vid4_i_ref.jpg,ref_D25_OnePlus_A3000/flat,0.0642
D04_LG_D290_flat_frames_vid5_i_ref.jpg,ref_D01_Samsung_GalaxyS3Mini/flat,-0.1005
D04_LG_D290_flat_frames_vid5_i_ref.jpg,ref_D02_Apple_iPhone4s/flat,0.0598
D04_LG_D290_flat_frames_vid5_i_ref.jpg,ref_D03_Huawei_P9/flat,0.0605
D04_LG_D290_flat_frames_vid5_i_ref.jpg,ref_D04_LG_D290/flat,0.8917
D04_LG_D290_flat_frames_vid5_i_ref.jpg,ref_D07_Lenovo_P70A/flat,0.1353
D04_LG_D290_flat_frames_vid5_i_ref.jpg,ref_D12_Sony_XperiaZ1Compact/flat,0.0621
D04_LG_D290_flat_frames_vid5_i_ref.jpg,ref_D17_Microsoft_Lumia640LTE/flat,0.0503
D04_LG_D290_flat_frames_vid5_i_ref.jpg,ref_D21_Wiko_Ridge4G/flat,0.0475
D04_LG_D290_flat_frames_vid5_i_ref.jpg,ref_D23_Asus_Zenfone2Laser/flat,-0.2736
D04_LG_D290_flat_frames_vid5_i_ref.jpg,ref_D24_Xiaomi_RedmiNote3/flat,0.0501
D04_LG_D290_flat_frames_vid5_i_ref.jpg,ref_D25_OnePlus_A3000/flat,0.0624
D04_LG_D290_flat_frames_vid6_i_ref.jpg,ref_D01_Samsung_GalaxyS3Mini/flat,-0.0951
D04_LG_D290_flat_frames_vid6_i_ref.jpg,ref_D02_Apple_iPhone4s/flat,0.0572
D04_LG_D290_flat_frames_vid6_i_ref.jpg,ref_D03_Huawei_P9/flat,0.0532
D04_LG_D290_flat_frames_vid6_i_ref.jpg,ref_D04_LG_D290/flat,0.8024
D04_LG_D290_flat_frames_vid6_i_ref.jpg,ref_D07_Lenovo_P70A/flat,0.2051
D04_LG_D290_flat_frames_vid6_i_ref.jpg,ref_D12_Sony_XperiaZ1Compact/flat,0.0570
D04_LG_D290_flat_frames_vid6_i_ref.jpg,ref_D17_Microsoft_Lumia640LTE/flat,0.0485
D04_LG_D290_flat_frames_vid6_i_ref.jpg,ref_D21_Wiko_Ridge4G/flat,0.0439
D04_LG_D290_flat_frames_vid6_i_ref.jpg,ref_D23_Asus_Zenfone2Laser/flat,-0.2740
D04_LG_D290_flat_frames_vid6_i_ref.jpg,ref_D24_Xiaomi_RedmiNote3/flat,0.0509
D04_LG_D290_flat_frames_vid6_i_ref.jpg,ref_D25_OnePlus_A3000/flat,0.0608
D04_LG_D290_flat_frames_vid7_i_ref.jpg,ref_D01_Samsung_GalaxyS3Mini/flat,-0.0280
D04_LG_D290_flat_frames_vid7_i_ref.jpg,ref_D02_Apple_iPhone4s/flat,0.0297
D04_LG_D290_flat_frames_vid7_i_ref.jpg,ref_D03_Huawei_P9/flat,0.0237
D04_LG_D290_flat_frames_vid7_i_ref.jpg,ref_D04_LG_D290/flat,0.7729
D04_LG_D290_flat_frames_vid7_i_ref.jpg,ref_D07_Lenovo_P70A/flat,0.0111
D04_LG_D290_flat_frames_vid7_i_ref.jpg,ref_D12_Sony_XperiaZ1Compact/flat,0.0227
D04_LG_D290_flat_frames_vid7_i_ref.jpg,ref_D17_Microsoft_Lumia640LTE/flat,0.0147
D04_LG_D290_flat_frames_vid7_i_ref.jpg,ref_D21_Wiko_Ridge4G/flat,0.0166
D04_LG_D290_flat_frames_vid7_i_ref.jpg,ref_D23_Asus_Zenfone2Laser/flat,-0.1906
D04_LG_D290_flat_frames_vid7_i_ref.jpg,ref_D24_Xiaomi_RedmiNote3/flat,0.0031
D04_LG_D290_flat_frames_vid7_i_ref.jpg,ref_D25_OnePlus_A3000/flat,0.0222
D07_Lenovo_P70A_flat_frames_vid2_i_ref.jpg,ref_D01_Samsung_GalaxyS3Mini/flat,-0.4317
D07_Lenovo_P70A_flat_frames_vid2_i_ref.jpg,ref_D02_Apple_iPhone4s/flat,0.0138
D07_Lenovo_P70A_flat_frames_vid2_i_ref.jpg,ref_D03_Huawei_P9/flat,0.0066
D07_Lenovo_P70A_flat_frames_vid2_i_ref.jpg,ref_D04_LG_D290/flat,0.1235
D07_Lenovo_P70A_flat_frames_vid2_i_ref.jpg,ref_D07_Lenovo_P70A/flat,0.7160
D07_Lenovo_P70A_flat_frames_vid2_i_ref.jpg,ref_D12_Sony_XperiaZ1Compact/flat,0.0157
D07_Lenovo_P70A_flat_frames_vid2_i_ref.jpg,ref_D17_Microsoft_Lumia640LTE/flat,0.0121
D07_Lenovo_P70A_flat_frames_vid2_i_ref.jpg,ref_D21_Wiko_Ridge4G/flat,0.0186
D07_Lenovo_P70A_flat_frames_vid2_i_ref.jpg,ref_D23_Asus_Zenfone2Laser/flat,-0.1660
D07_Lenovo_P70A_flat_frames_vid2_i_ref.jpg,ref_D24_Xiaomi_RedmiNote3/flat,0.0298
D07_Lenovo_P70A_flat_frames_vid2_i_ref.jpg,ref_D25_OnePlus_A3000/flat,0.0237
D07_Lenovo_P70A_flat_frames_vid3_i_ref.jpg,ref_D01_Samsung_GalaxyS3Mini/flat,-0.0659
D07_Lenovo_P70A_flat_frames_vid3_i_ref.jpg,ref_D02_Apple_iPhone4s/flat,0.0196
D07_Lenovo_P70A_flat_frames_vid3_i_ref.jpg,ref_D03_Huawei_P9/flat,0.0233
D07_Lenovo_P70A_flat_frames_vid3_i_ref.jpg,ref_D04_LG_D290/flat,0.0079
D07_Lenovo_P70A_flat_frames_vid3_i_ref.jpg,ref_D07_Lenovo_P70A/flat,0.1522
D07_Lenovo_P70A_flat_frames_vid3_i_ref.jpg,ref_D12_Sony_XperiaZ1Compact/flat,0.0225
D07_Lenovo_P70A_flat_frames_vid3_i_ref.jpg,ref_D17_Microsoft_Lumia640LTE/flat,0.0130
D07_Lenovo_P70A_flat_frames_vid3_i_ref.jpg,ref_D21_Wiko_Ridge4G/flat,0.0196
D07_Lenovo_P70A_flat_frames_vid3_i_ref.jpg,ref_D23_Asus_Zenfone2Laser/flat,-0.0434
D07_Lenovo_P70A_flat_frames_vid3_i_ref.jpg,ref_D24_Xiaomi_RedmiNote3/flat,0.0128
D07_Lenovo_P70A_flat_frames_vid3_i_ref.jpg,ref_D25_OnePlus_A3000/flat,0.0200
D07_Lenovo_P70A_flat_frames_vid4_i_ref.jpg,ref_D01_Samsung_GalaxyS3Mini/flat,-0.5146
D07_Lenovo_P70A_flat_frames_vid4_i_ref.jpg,ref_D02_Apple_iPhone4s/flat,-0.0043
D07_Lenovo_P70A_flat_frames_vid4_i_ref.jpg,ref_D03_Huawei_P9/flat,0.0152
D07_Lenovo_P70A_flat_frames_vid4_i_ref.jpg,ref_D04_LG_D290/flat,0.1404
D07_Lenovo_P70A_flat_frames_vid4_i_ref.jpg,ref_D07_Lenovo_P70A/flat,0.5190
D07_Lenovo_P70A_flat_frames_vid4_i_ref.jpg,ref_D12_Sony_XperiaZ1Compact/flat,0.0391
D07_Lenovo_P70A_flat_frames_vid4_i_ref.jpg,ref_D17_Microsoft_Lumia640LTE/flat,0.0405
D07_Lenovo_P70A_flat_frames_vid4_i_ref.jpg,ref_D21_Wiko_Ridge4G/flat,0.0480
D07_Lenovo_P70A_flat_frames_vid4_i_ref.jpg,ref_D23_Asus_Zenfone2Laser/flat,-0.2996
D07_Lenovo_P70A_flat_frames_vid4_i_ref.jpg,ref_D24_Xiaomi_RedmiNote3/flat,0.0356
D07_Lenovo_P70A_flat_frames_vid4_i_ref.jpg,ref_D25_OnePlus_A3000/flat,0.0135
D07_Lenovo_P70A_flat_frames_vid5_i_ref.jpg,ref_D01_Samsung_GalaxyS3Mini/flat,-0.4154
D07_Lenovo_P70A_flat_frames_vid5_i_ref.jpg,ref_D02_Apple_iPhone4s/flat,0.0236
D07_Lenovo_P70A_flat_frames_vid5_i_ref.jpg,ref_D03_Huawei_P9/flat,0.0125
D07_Lenovo_P70A_flat_frames_vid5_i_ref.jpg,ref_D04_LG_D290/flat,0.1169
D07_Lenovo_P70A_flat_frames_vid5_i_ref.jpg,ref_D07_Lenovo_P70A/flat,0.7299
D07_Lenovo_P70A_flat_frames_vid5_i_ref.jpg,ref_D12_Sony_XperiaZ1Compact/flat,0.0201
D07_Lenovo_P70A_flat_frames_vid5_i_ref.jpg,ref_D17_Microsoft_Lumia640LTE/flat,0.0126
D07_Lenovo_P70A_flat_frames_vid5_i_ref.jpg,ref_D21_Wiko_Ridge4G/flat,0.0236
D07_Lenovo_P70A_flat_frames_vid5_i_ref.jpg,ref_D23_Asus_Zenfone2Laser/flat,-0.1547
D07_Lenovo_P70A_flat_frames_vid5_i_ref.jpg,ref_D24_Xiaomi_RedmiNote3/flat,0.0395
D07_Lenovo_P70A_flat_frames_vid5_i_ref.jpg,ref_D25_OnePlus_A3000/flat,0.0354
D07_Lenovo_P70A_flat_frames_vid6_i_ref.jpg,ref_D01_Samsung_GalaxyS3Mini/flat,-0.0659
D07_Lenovo_P70A_flat_frames_vid6_i_ref.jpg,ref_D02_Apple_iPhone4s/flat,0.0196
D07_Lenovo_P70A_flat_frames_vid6_i_ref.jpg,ref_D03_Huawei_P9/flat,0.0233
D07_Lenovo_P70A_flat_frames_vid6_i_ref.jpg,ref_D04_LG_D290/flat,0.0079
D07_Lenovo_P70A_flat_frames_vid6_i_ref.jpg,ref_D07_Lenovo_P70A/flat,0.1522
D07_Lenovo_P70A_flat_frames_vid6_i_ref.jpg,ref_D12_Sony_XperiaZ1Compact/flat,0.0225
D07_Lenovo_P70A_flat_frames_vid6_i_ref.jpg,ref_D17_Microsoft_Lumia640LTE/flat,0.0130
D07_Lenovo_P70A_flat_frames_vid6_i_ref.jpg,ref_D21_Wiko_Ridge4G/flat,0.0196
D07_Lenovo_P70A_flat_frames_vid6_i_ref.jpg,ref_D23_Asus_Zenfone2Laser/flat,-0.0434
D07_Lenovo_P70A_flat_frames_vid6_i_ref.jpg,ref_D24_Xiaomi_RedmiNote3/flat,0.0128
D07_Lenovo_P70A_flat_frames_vid6_i_ref.jpg,ref_D25_OnePlus_A3000/flat,0.0200
D07_Lenovo_P70A_flat_frames_vid7_i_ref.jpg,ref_D01_Samsung_GalaxyS3Mini/flat,-0.4452
D07_Lenovo_P70A_flat_frames_vid7_i_ref.jpg,ref_D02_Apple_iPhone4s/flat,0.0101
D07_Lenovo_P70A_flat_frames_vid7_i_ref.jpg,ref_D03_Huawei_P9/flat,0.0147
D07_Lenovo_P70A_flat_frames_vid7_i_ref.jpg,ref_D04_LG_D290/flat,0.1080
D07_Lenovo_P70A_flat_frames_vid7_i_ref.jpg,ref_D07_Lenovo_P70A/flat,0.6293
D07_Lenovo_P70A_flat_frames_vid7_i_ref.jpg,ref_D12_Sony_XperiaZ1Compact/flat,0.0409
D07_Lenovo_P70A_flat_frames_vid7_i_ref.jpg,ref_D17_Microsoft_Lumia640LTE/flat,0.0585
D07_Lenovo_P70A_flat_frames_vid7_i_ref.jpg,ref_D21_Wiko_Ridge4G/flat,0.0492
D07_Lenovo_P70A_flat_frames_vid7_i_ref.jpg,ref_D23_Asus_Zenfone2Laser/flat,-0.1860
D07_Lenovo_P70A_flat_frames_vid7_i_ref.jpg,ref_D24_Xiaomi_RedmiNote3/flat,0.0417
D07_Lenovo_P70A_flat_frames_vid7_i_ref.jpg,ref_D25_OnePlus_A3000/flat,0.0193
D12_Sony_XperiaZ1Compact_flat_frames_vid2_i_ref.jpg,ref_D01_Samsung_GalaxyS3Mini/flat,-0.0200
D12_Sony_XperiaZ1Compact_flat_frames_vid2_i_ref.jpg,ref_D02_Apple_iPhone4s/flat,0.9279
D12_Sony_XperiaZ1Compact_flat_frames_vid2_i_ref.jpg,ref_D03_Huawei_P9/flat,0.9275
D12_Sony_XperiaZ1Compact_flat_frames_vid2_i_ref.jpg,ref_D04_LG_D290/flat,0.0617
D12_Sony_XperiaZ1Compact_flat_frames_vid2_i_ref.jpg,ref_D07_Lenovo_P70A/flat,0.0278
D12_Sony_XperiaZ1Compact_flat_frames_vid2_i_ref.jpg,ref_D12_Sony_XperiaZ1Compact/flat,0.9409
D12_Sony_XperiaZ1Compact_flat_frames_vid2_i_ref.jpg,ref_D17_Microsoft_Lumia640LTE/flat,0.8333
D12_Sony_XperiaZ1Compact_flat_frames_vid2_i_ref.jpg,ref_D21_Wiko_Ridge4G/flat,0.8097
D12_Sony_XperiaZ1Compact_flat_frames_vid2_i_ref.jpg,ref_D23_Asus_Zenfone2Laser/flat,-0.0141
D12_Sony_XperiaZ1Compact_flat_frames_vid2_i_ref.jpg,ref_D24_Xiaomi_RedmiNote3/flat,0.8369
D12_Sony_XperiaZ1Compact_flat_frames_vid2_i_ref.jpg,ref_D25_OnePlus_A3000/flat,0.9264
D12_Sony_XperiaZ1Compact_flat_frames_vid3_i_ref.jpg,ref_D01_Samsung_GalaxyS3Mini/flat,-0.0121
D12_Sony_XperiaZ1Compact_flat_frames_vid3_i_ref.jpg,ref_D02_Apple_iPhone4s/flat,0.9690
D12_Sony_XperiaZ1Compact_flat_frames_vid3_i_ref.jpg,ref_D03_Huawei_P9/flat,0.9312
D12_Sony_XperiaZ1Compact_flat_frames_vid3_i_ref.jpg,ref_D04_LG_D290/flat,0.0572
D12_Sony_XperiaZ1Compact_flat_frames_vid3_i_ref.jpg,ref_D07_Lenovo_P70A/flat,0.0301
D12_Sony_XperiaZ1Compact_flat_frames_vid3_i_ref.jpg,ref_D12_Sony_XperiaZ1Compact/flat,0.9288
D12_Sony_XperiaZ1Compact_flat_frames_vid3_i_ref.jpg,ref_D17_Microsoft_Lumia640LTE/flat,0.8172
D12_Sony_XperiaZ1Compact_flat_frames_vid3_i_ref.jpg,ref_D21_Wiko_Ridge4G/flat,0.7945
D12_Sony_XperiaZ1Compact_flat_frames_vid3_i_ref.jpg,ref_D23_Asus_Zenfone2Laser/flat,-0.0047
D12_Sony_XperiaZ1Compact_flat_frames_vid3_i_ref.jpg,ref_D24_Xiaomi_RedmiNote3/flat,0.8216
D12_Sony_XperiaZ1Compact_flat_frames_vid3_i_ref.jpg,ref_D25_OnePlus_A3000/flat,0.9512
D12_Sony_XperiaZ1Compact_flat_frames_vid4_i_ref.jpg,ref_D01_Samsung_GalaxyS3Mini/flat,-0.0245
D12_Sony_XperiaZ1Compact_flat_frames_vid4_i_ref.jpg,ref_D02_Apple_iPhone4s/flat,0.9261
D12_Sony_XperiaZ1Compact_flat_frames_vid4_i_ref.jpg,ref_D03_Huawei_P9/flat,0.9381
D12_Sony_XperiaZ1Compact_flat_frames_vid4_i_ref.jpg,ref_D04_LG_D290/flat,0.0644
D12_Sony_XperiaZ1Compact_flat_frames_vid4_i_ref.jpg,ref_D07_Lenovo_P70A/flat,0.0360
D12_Sony_XperiaZ1Compact_flat_frames_vid4_i_ref.jpg,ref_D12_Sony_XperiaZ1Compact/flat,0.9360
D12_Sony_XperiaZ1Compact_flat_frames_vid4_i_ref.jpg,ref_D17_Microsoft_Lumia640LTE/flat,0.8581
D12_Sony_XperiaZ1Compact_flat_frames_vid4_i_ref.jpg,ref_D21_Wiko_Ridge4G/flat,0.8351
D12_Sony_XperiaZ1Compact_flat_frames_vid4_i_ref.jpg,ref_D23_Asus_Zenfone2Laser/flat,-0.0131
D12_Sony_XperiaZ1Compact_flat_frames_vid4_i_ref.jpg,ref_D24_Xiaomi_RedmiNote3/flat,0.8545
D12_Sony_XperiaZ1Compact_flat_frames_vid4_i_ref.jpg,ref_D25_OnePlus_A3000/flat,0.9413
D12_Sony_XperiaZ1Compact_flat_frames_vid5_i_ref.jpg,ref_D01_Samsung_GalaxyS3Mini/flat,-0.0221
D12_Sony_XperiaZ1Compact_flat_frames_vid5_i_ref.jpg,ref_D02_Apple_iPhone4s/flat,0.9170
D12_Sony_XperiaZ1Compact_flat_frames_vid5_i_ref.jpg,ref_D03_Huawei_P9/flat,0.9211
D12_Sony_XperiaZ1Compact_flat_frames_vid5_i_ref.jpg,ref_D04_LG_D290/flat,0.0652
D12_Sony_XperiaZ1Compact_flat_frames_vid5_i_ref.jpg,ref_D07_Lenovo_P70A/flat,0.0362
D12_Sony_XperiaZ1Compact_flat_frames_vid5_i_ref.jpg,ref_D12_Sony_XperiaZ1Compact/flat,0.9131
D12_Sony_XperiaZ1Compact_flat_frames_vid5_i_ref.jpg,ref_D17_Microsoft_Lumia640LTE/flat,0.8691
D12_Sony_XperiaZ1Compact_flat_frames_vid5_i_ref.jpg,ref_D21_Wiko_Ridge4G/flat,0.8407
D12_Sony_XperiaZ1Compact_flat_frames_vid5_i_ref.jpg,ref_D23_Asus_Zenfone2Laser/flat,-0.0141
D12_Sony_XperiaZ1Compact_flat_frames_vid5_i_ref.jpg,ref_D24_Xiaomi_RedmiNote3/flat,0.8479
D12_Sony_XperiaZ1Compact_flat_frames_vid5_i_ref.jpg,ref_D25_OnePlus_A3000/flat,0.9191
D12_Sony_XperiaZ1Compact_flat_frames_vid6_i_ref.jpg,ref_D01_Samsung_GalaxyS3Mini/flat,-0.0642
D12_Sony_XperiaZ1Compact_flat_frames_vid6_i_ref.jpg,ref_D02_Apple_iPhone4s/flat,0.6382
D12_Sony_XperiaZ1Compact_flat_frames_vid6_i_ref.jpg,ref_D03_Huawei_P9/flat,0.7214
D12_Sony_XperiaZ1Compact_flat_frames_vid6_i_ref.jpg,ref_D04_LG_D290/flat,0.0410
D12_Sony_XperiaZ1Compact_flat_frames_vid6_i_ref.jpg,ref_D07_Lenovo_P70A/flat,0.0661
D12_Sony_XperiaZ1Compact_flat_frames_vid6_i_ref.jpg,ref_D12_Sony_XperiaZ1Compact/flat,0.7151
D12_Sony_XperiaZ1Compact_flat_frames_vid6_i_ref.jpg,ref_D17_Microsoft_Lumia640LTE/flat,0.8276
D12_Sony_XperiaZ1Compact_flat_frames_vid6_i_ref.jpg,ref_D21_Wiko_Ridge4G/flat,0.8539
D12_Sony_XperiaZ1Compact_flat_frames_vid6_i_ref.jpg,ref_D23_Asus_Zenfone2Laser/flat,-0.0071
D12_Sony_XperiaZ1Compact_flat_frames_vid6_i_ref.jpg,ref_D24_Xiaomi_RedmiNote3/flat,0.8367
D12_Sony_XperiaZ1Compact_flat_frames_vid6_i_ref.jpg,ref_D25_OnePlus_A3000/flat,0.6741
D12_Sony_XperiaZ1Compact_flat_frames_vid7_i_ref.jpg,ref_D01_Samsung_GalaxyS3Mini/flat,0.0123
D12_Sony_XperiaZ1Compact_flat_frames_vid7_i_ref.jpg,ref_D02_Apple_iPhone4s/flat,0.9316
D12_Sony_XperiaZ1Compact_flat_frames_vid7_i_ref.jpg,ref_D03_Huawei_P9/flat,0.8728
D12_Sony_XperiaZ1Compact_flat_frames_vid7_i_ref.jpg,ref_D04_LG_D290/flat,0.0574
D12_Sony_XperiaZ1Compact_flat_frames_vid7_i_ref.jpg,ref_D07_Lenovo_P70A/flat,0.0032
D12_Sony_XperiaZ1Compact_flat_frames_vid7_i_ref.jpg,ref_D12_Sony_XperiaZ1Compact/flat,0.8565
D12_Sony_XperiaZ1Compact_flat_frames_vid7_i_ref.jpg,ref_D17_Microsoft_Lumia640LTE/flat,0.7524
D12_Sony_XperiaZ1Compact_flat_frames_vid7_i_ref.jpg,ref_D21_Wiko_Ridge4G/flat,0.7259
D12_Sony_XperiaZ1Compact_flat_frames_vid7_i_ref.jpg,ref_D23_Asus_Zenfone2Laser/flat,-0.0081
D12_Sony_XperiaZ1Compact_flat_frames_vid7_i_ref.jpg,ref_D24_Xiaomi_RedmiNote3/flat,0.7366
D12_Sony_XperiaZ1Compact_flat_frames_vid7_i_ref.jpg,ref_D25_OnePlus_A3000/flat,0.8904
D17_Microsoft_Lumia640LTE_flat_frames_vid2_i_ref.jpg,ref_D01_Samsung_GalaxyS3Mini/flat,-0.0062
D17_Microsoft_Lumia640LTE_flat_frames_vid2_i_ref.jpg,ref_D02_Apple_iPhone4s/flat,0.9443
D17_Microsoft_Lumia640LTE_flat_frames_vid2_i_ref.jpg,ref_D03_Huawei_P9/flat,0.8979
D17_Microsoft_Lumia640LTE_flat_frames_vid2_i_ref.jpg,ref_D04_LG_D290/flat,0.0627
D17_Microsoft_Lumia640LTE_flat_frames_vid2_i_ref.jpg,ref_D07_Lenovo_P70A/flat,0.0214
D17_Microsoft_Lumia640LTE_flat_frames_vid2_i_ref.jpg,ref_D12_Sony_XperiaZ1Compact/flat,0.8876
D17_Microsoft_Lumia640LTE_flat_frames_vid2_i_ref.jpg,ref_D17_Microsoft_Lumia640LTE/flat,0.8297
D17_Microsoft_Lumia640LTE_flat_frames_vid2_i_ref.jpg,ref_D21_Wiko_Ridge4G/flat,0.7771
D17_Microsoft_Lumia640LTE_flat_frames_vid2_i_ref.jpg,ref_D23_Asus_Zenfone2Laser/flat,-0.0101
D17_Microsoft_Lumia640LTE_flat_frames_vid2_i_ref.jpg,ref_D24_Xiaomi_RedmiNote3/flat,0.7830
D17_Microsoft_Lumia640LTE_flat_frames_vid2_i_ref.jpg,ref_D25_OnePlus_A3000/flat,0.9110
D17_Microsoft_Lumia640LTE_flat_frames_vid3_i_ref.jpg,ref_D01_Samsung_GalaxyS3Mini/flat,-0.0287
D17_Microsoft_Lumia640LTE_flat_frames_vid3_i_ref.jpg,ref_D02_Apple_iPhone4s/flat,0.8510
D17_Microsoft_Lumia640LTE_flat_frames_vid3_i_ref.jpg,ref_D03_Huawei_P9/flat,0.8749
D17_Microsoft_Lumia640LTE_flat_frames_vid3_i_ref.jpg,ref_D04_LG_D290/flat,0.0697
D17_Microsoft_Lumia640LTE_flat_frames_vid3_i_ref.jpg,ref_D07_Lenovo_P70A/flat,0.0280
D17_Microsoft_Lumia640LTE_flat_frames_vid3_i_ref.jpg,ref_D12_Sony_XperiaZ1Compact/flat,0.8802
D17_Microsoft_Lumia640LTE_flat_frames_vid3_i_ref.jpg,ref_D17_Microsoft_Lumia640LTE/flat,0.9194
D17_Microsoft_Lumia640LTE_flat_frames_vid3_i_ref.jpg,ref_D21_Wiko_Ridge4G/flat,0.8436
D17_Microsoft_Lumia640LTE_flat_frames_vid3_i_ref.jpg,ref_D23_Asus_Zenfone2Laser/flat,-0.0271
D17_Microsoft_Lumia640LTE_flat_frames_vid3_i_ref.jpg,ref_D24_Xiaomi_RedmiNote3/flat,0.8302
D17_Microsoft_Lumia640LTE_flat_frames_vid3_i_ref.jpg,ref_D25_OnePlus_A3000/flat,0.8380
D17_Microsoft_Lumia640LTE_flat_frames_vid4_i_ref.jpg,ref_D01_Samsung_GalaxyS3Mini/flat,-0.0103
D17_Microsoft_Lumia640LTE_flat_frames_vid4_i_ref.jpg,ref_D02_Apple_iPhone4s/flat,0.8637
D17_Microsoft_Lumia640LTE_flat_frames_vid4_i_ref.jpg,ref_D03_Huawei_P9/flat,0.8597
D17_Microsoft_Lumia640LTE_flat_frames_vid4_i_ref.jpg,ref_D04_LG_D290/flat,0.0661
D17_Microsoft_Lumia640LTE_flat_frames_vid4_i_ref.jpg,ref_D07_Lenovo_P70A/flat,0.0251
D17_Microsoft_Lumia640LTE_flat_frames_vid4_i_ref.jpg,ref_D12_Sony_XperiaZ1Compact/flat,0.8580
D17_Microsoft_Lumia640LTE_flat_frames_vid4_i_ref.jpg,ref_D17_Microsoft_Lumia640LTE/flat,0.8754
D17_Microsoft_Lumia640LTE_flat_frames_vid4_i_ref.jpg,ref_D21_Wiko_Ridge4G/flat,0.7966
D17_Microsoft_Lumia640LTE_flat_frames_vid4_i_ref.jpg,ref_D23_Asus_Zenfone2Laser/flat,-0.0196
D17_Microsoft_Lumia640LTE_flat_frames_vid4_i_ref.jpg,ref_D24_Xiaomi_RedmiNote3/flat,0.7760
D17_Microsoft_Lumia640LTE_flat_frames_vid4_i_ref.jpg,ref_D25_OnePlus_A3000/flat,0.8398
D21_Wiko_Ridge4G_flat_frames_vid2_i_ref.jpg,ref_D01_Samsung_GalaxyS3Mini/flat,-0.0561
D21_Wiko_Ridge4G_flat_frames_vid2_i_ref.jpg,ref_D02_Apple_iPhone4s/flat,0.7255
D21_Wiko_Ridge4G_flat_frames_vid2_i_ref.jpg,ref_D03_Huawei_P9/flat,0.8057
D21_Wiko_Ridge4G_flat_frames_vid2_i_ref.jpg,ref_D04_LG_D290/flat,0.0446
D21_Wiko_Ridge4G_flat_frames_vid2_i_ref.jpg,ref_D07_Lenovo_P70A/flat,0.0546
D21_Wiko_Ridge4G_flat_frames_vid2_i_ref.jpg,ref_D12_Sony_XperiaZ1Compact/flat,0.8164
D21_Wiko_Ridge4G_flat_frames_vid2_i_ref.jpg,ref_D17_Microsoft_Lumia640LTE/flat,0.8962
D21_Wiko_Ridge4G_flat_frames_vid2_i_ref.jpg,ref_D21_Wiko_Ridge4G/flat,0.9586
D21_Wiko_Ridge4G_flat_frames_vid2_i_ref.jpg,ref_D23_Asus_Zenfone2Laser/flat,-0.0159
D21_Wiko_Ridge4G_flat_frames_vid2_i_ref.jpg,ref_D24_Xiaomi_RedmiNote3/flat,0.9011
D21_Wiko_Ridge4G_flat_frames_vid2_i_ref.jpg,ref_D25_OnePlus_A3000/flat,0.7626
D21_Wiko_Ridge4G_flat_frames_vid3_i_ref.jpg,ref_D01_Samsung_GalaxyS3Mini/flat,-0.0383
D21_Wiko_Ridge4G_flat_frames_vid3_i_ref.jpg,ref_D02_Apple_iPhone4s/flat,0.7634
D21_Wiko_Ridge4G_flat_frames_vid3_i_ref.jpg,ref_D03_Huawei_P9/flat,0.8291
D21_Wiko_Ridge4G_flat_frames_vid3_i_ref.jpg,ref_D04_LG_D290/flat,0.0485
D21_Wiko_Ridge4G_flat_frames_vid3_i_ref.jpg,ref_D07_Lenovo_P70A/flat,0.0322
D21_Wiko_Ridge4G_flat_frames_vid3_i_ref.jpg,ref_D12_Sony_XperiaZ1Compact/flat,0.8549
D21_Wiko_Ridge4G_flat_frames_vid3_i_ref.jpg,ref_D17_Microsoft_Lumia640LTE/flat,0.9016
D21_Wiko_Ridge4G_flat_frames_vid3_i_ref.jpg,ref_D21_Wiko_Ridge4G/flat,0.9519
D21_Wiko_Ridge4G_flat_frames_vid3_i_ref.jpg,ref_D23_Asus_Zenfone2Laser/flat,-0.0222
D21_Wiko_Ridge4G_flat_frames_vid3_i_ref.jpg,ref_D24_Xiaomi_RedmiNote3/flat,0.8705
D21_Wiko_Ridge4G_flat_frames_vid3_i_ref.jpg,ref_D25_OnePlus_A3000/flat,0.7835
D21_Wiko_Ridge4G_flat_frames_vid4_i_ref.jpg,ref_D01_Samsung_GalaxyS3Mini/flat,-0.0785
D21_Wiko_Ridge4G_flat_frames_vid4_i_ref.jpg,ref_D02_Apple_iPhone4s/flat,0.6176
D21_Wiko_Ridge4G_flat_frames_vid4_i_ref.jpg,ref_D03_Huawei_P9/flat,0.7087
D21_Wiko_Ridge4G_flat_frames_vid4_i_ref.jpg,ref_D04_LG_D290/flat,0.0388
D21_Wiko_Ridge4G_flat_frames_vid4_i_ref.jpg,ref_D07_Lenovo_P70A/flat,0.0728
D21_Wiko_Ridge4G_flat_frames_vid4_i_ref.jpg,ref_D12_Sony_XperiaZ1Compact/flat,0.7361
D21_Wiko_Ridge4G_flat_frames_vid4_i_ref.jpg,ref_D17_Microsoft_Lumia640LTE/flat,0.8452
D21_Wiko_Ridge4G_flat_frames_vid4_i_ref.jpg,ref_D21_Wiko_Ridge4G/flat,0.9137
D21_Wiko_Ridge4G_flat_frames_vid4_i_ref.jpg,ref_D23_Asus_Zenfone2Laser/flat,-0.0106
D21_Wiko_Ridge4G_flat_frames_vid4_i_ref.jpg,ref_D24_Xiaomi_RedmiNote3/flat,0.8324
D21_Wiko_Ridge4G_flat_frames_vid4_i_ref.jpg,ref_D25_OnePlus_A3000/flat,0.6545
D23_Asus_Zenfone2Laser_flat_frames_vid2_i_ref.jpg,ref_D01_Samsung_GalaxyS3Mini/flat,-0.0827
D23_Asus_Zenfone2Laser_flat_frames_vid2_i_ref.jpg,ref_D02_Apple_iPhone4s/flat,0.0237
D23_Asus_Zenfone2Laser_flat_frames_vid2_i_ref.jpg,ref_D03_Huawei_P9/flat,0.0350
D23_Asus_Zenfone2Laser_flat_frames_vid2_i_ref.jpg,ref_D04_LG_D290/flat,-0.1534
D23_Asus_Zenfone2Laser_flat_frames_vid2_i_ref.jpg,ref_D07_Lenovo_P70A/flat,0.0348
D23_Asus_Zenfone2Laser_flat_frames_vid2_i_ref.jpg,ref_D12_Sony_XperiaZ1Compact/flat,0.0325
D23_Asus_Zenfone2Laser_flat_frames_vid2_i_ref.jpg,ref_D17_Microsoft_Lumia640LTE/flat,0.0398
D23_Asus_Zenfone2Laser_flat_frames_vid2_i_ref.jpg,ref_D21_Wiko_Ridge4G/flat,0.0325
D23_Asus_Zenfone2Laser_flat_frames_vid2_i_ref.jpg,ref_D23_Asus_Zenfone2Laser/flat,0.4950
D23_Asus_Zenfone2Laser_flat_frames_vid2_i_ref.jpg,ref_D24_Xiaomi_RedmiNote3/flat,0.0513
D23_Asus_Zenfone2Laser_flat_frames_vid2_i_ref.jpg,ref_D25_OnePlus_A3000/flat,0.0357
D23_Asus_Zenfone2Laser_flat_frames_vid3_i_ref.jpg,ref_D01_Samsung_GalaxyS3Mini/flat,0.2004
D23_Asus_Zenfone2Laser_flat_frames_vid3_i_ref.jpg,ref_D02_Apple_iPhone4s/flat,-0.0099
D23_Asus_Zenfone2Laser_flat_frames_vid3_i_ref.jpg,ref_D03_Huawei_P9/flat,-0.0255
D23_Asus_Zenfone2Laser_flat_frames_vid3_i_ref.jpg,ref_D04_LG_D290/flat,-0.2723
D23_Asus_Zenfone2Laser_flat_frames_vid3_i_ref.jpg,ref_D07_Lenovo_P70A/flat,-0.1941
D23_Asus_Zenfone2Laser_flat_frames_vid3_i_ref.jpg,ref_D12_Sony_XperiaZ1Compact/flat,-0.0265
D23_Asus_Zenfone2Laser_flat_frames_vid3_i_ref.jpg,ref_D17_Microsoft_Lumia640LTE/flat,-0.0368
D23_Asus_Zenfone2Laser_flat_frames_vid3_i_ref.jpg,ref_D21_Wiko_Ridge4G/flat,-0.0226
D23_Asus_Zenfone2Laser_flat_frames_vid3_i_ref.jpg,ref_D23_Asus_Zenfone2Laser/flat,0.9426
D23_Asus_Zenfone2Laser_flat_frames_vid3_i_ref.jpg,ref_D24_Xiaomi_RedmiNote3/flat,-0.0311
D23_Asus_Zenfone2Laser_flat_frames_vid3_i_ref.jpg,ref_D25_OnePlus_A3000/flat,-0.0181
D23_Asus_Zenfone2Laser_flat_frames_vid4_i_ref.jpg,ref_D01_Samsung_GalaxyS3Mini/flat,-0.1345
D23_Asus_Zenfone2Laser_flat_frames_vid4_i_ref.jpg,ref_D02_Apple_iPhone4s/flat,0.0337
D23_Asus_Zenfone2Laser_flat_frames_vid4_i_ref.jpg,ref_D03_Huawei_P9/flat,0.0423
D23_Asus_Zenfone2Laser_flat_frames_vid4_i_ref.jpg,ref_D04_LG_D290/flat,0.2531
D23_Asus_Zenfone2Laser_flat_frames_vid4_i_ref.jpg,ref_D07_Lenovo_P70A/flat,0.1650
D23_Asus_Zenfone2Laser_flat_frames_vid4_i_ref.jpg,ref_D12_Sony_XperiaZ1Compact/flat,0.0377
D23_Asus_Zenfone2Laser_flat_frames_vid4_i_ref.jpg,ref_D17_Microsoft_Lumia640LTE/flat,0.0237
D23_Asus_Zenfone2Laser_flat_frames_vid4_i_ref.jpg,ref_D21_Wiko_Ridge4G/flat,0.0189
D23_Asus_Zenfone2Laser_flat_frames_vid4_i_ref.jpg,ref_D23_Asus_Zenfone2Laser/flat,-0.0987
D23_Asus_Zenfone2Laser_flat_frames_vid4_i_ref.jpg,ref_D24_Xiaomi_RedmiNote3/flat,0.0243
D23_Asus_Zenfone2Laser_flat_frames_vid4_i_ref.jpg,ref_D25_OnePlus_A3000/flat,0.0362
D23_Asus_Zenfone2Laser_flat_frames_vid5_i_ref.jpg,ref_D01_Samsung_GalaxyS3Mini/flat,-0.2321
D23_Asus_Zenfone2Laser_flat_frames_vid5_i_ref.jpg,ref_D02_Apple_iPhone4s/flat,0.0722
D23_Asus_Zenfone2Laser_flat_frames_vid5_i_ref.jpg,ref_D03_Huawei_P9/flat,0.0838
D23_Asus_Zenfone2Laser_flat_frames_vid5_i_ref.jpg,ref_D04_LG_D290/flat,0.4252
D23_Asus_Zenfone2Laser_flat_frames_vid5_i_ref.jpg,ref_D07_Lenovo_P70A/flat,0.2731
D23_Asus_Zenfone2Laser_flat_frames_vid5_i_ref.jpg,ref_D12_Sony_XperiaZ1Compact/flat,0.0856
D23_Asus_Zenfone2Laser_flat_frames_vid5_i_ref.jpg,ref_D17_Microsoft_Lumia640LTE/flat,0.0755
D23_Asus_Zenfone2Laser_flat_frames_vid5_i_ref.jpg,ref_D21_Wiko_Ridge4G/flat,0.0624
D23_Asus_Zenfone2Laser_flat_frames_vid5_i_ref.jpg,ref_D23_Asus_Zenfone2Laser/flat,-0.1590
D23_Asus_Zenfone2Laser_flat_frames_vid5_i_ref.jpg,ref_D24_Xiaomi_RedmiNote3/flat,0.0851
D23_Asus_Zenfone2Laser_flat_frames_vid5_i_ref.jpg,ref_D25_OnePlus_A3000/flat,0.0859
D23_Asus_Zenfone2Laser_flat_frames_vid6_i_ref.jpg,ref_D01_Samsung_GalaxyS3Mini/flat,-0.0421
D23_Asus_Zenfone2Laser_flat_frames_vid6_i_ref.jpg,ref_D02_Apple_iPhone4s/flat,0.0266
D23_Asus_Zenfone2Laser_flat_frames_vid6_i_ref.jpg,ref_D03_Huawei_P9/flat,0.0309
D23_Asus_Zenfone2Laser_flat_frames_vid6_i_ref.jpg,ref_D04_LG_D290/flat,-0.0404
D23_Asus_Zenfone2Laser_flat_frames_vid6_i_ref.jpg,ref_D07_Lenovo_P70A/flat,0.0267
D23_Asus_Zenfone2Laser_flat_frames_vid6_i_ref.jpg,ref_D12_Sony_XperiaZ1Compact/flat,0.0304
D23_Asus_Zenfone2Laser_flat_frames_vid6_i_ref.jpg,ref_D17_Microsoft_Lumia640LTE/flat,0.0279
D23_Asus_Zenfone2Laser_flat_frames_vid6_i_ref.jpg,ref_D21_Wiko_Ridge4G/flat,0.0268
D23_Asus_Zenfone2Laser_flat_frames_vid6_i_ref.jpg,ref_D23_Asus_Zenfone2Laser/flat,0.2087
D23_Asus_Zenfone2Laser_flat_frames_vid6_i_ref.jpg,ref_D24_Xiaomi_RedmiNote3/flat,0.0401
D23_Asus_Zenfone2Laser_flat_frames_vid6_i_ref.jpg,ref_D25_OnePlus_A3000/flat,0.0328
D23_Asus_Zenfone2Laser_flat_frames_vid7_i_ref.jpg,ref_D01_Samsung_GalaxyS3Mini/flat,0.2004
D23_Asus_Zenfone2Laser_flat_frames_vid7_i_ref.jpg,ref_D02_Apple_iPhone4s/flat,-0.0099
D23_Asus_Zenfone2Laser_flat_frames_vid7_i_ref.jpg,ref_D03_Huawei_P9/flat,-0.0255
D23_Asus_Zenfone2Laser_flat_frames_vid7_i_ref.jpg,ref_D04_LG_D290/flat,-0.2723
D23_Asus_Zenfone2Laser_flat_frames_vid7_i_ref.jpg,ref_D07_Lenovo_P70A/flat,-0.1941
D23_Asus_Zenfone2Laser_flat_frames_vid7_i_ref.jpg,ref_D12_Sony_XperiaZ1Compact/flat,-0.0265
D23_Asus_Zenfone2Laser_flat_frames_vid7_i_ref.jpg,ref_D17_Microsoft_Lumia640LTE/flat,-0.0368
D23_Asus_Zenfone2Laser_flat_frames_vid7_i_ref.jpg,ref_D21_Wiko_Ridge4G/flat,-0.0226
D23_Asus_Zenfone2Laser_flat_frames_vid7_i_ref.jpg,ref_D23_Asus_Zenfone2Laser/flat,0.9426
D23_Asus_Zenfone2Laser_flat_frames_vid7_i_ref.jpg,ref_D24_Xiaomi_RedmiNote3/flat,-0.0311
D23_Asus_Zenfone2Laser_flat_frames_vid7_i_ref.jpg,ref_D25_OnePlus_A3000/flat,-0.0181
D24_Xiaomi_RedmiNote3_flat_frames_vid2_i_ref.jpg,ref_D01_Samsung_GalaxyS3Mini/flat,-0.0306
D24_Xiaomi_RedmiNote3_flat_frames_vid2_i_ref.jpg,ref_D02_Apple_iPhone4s/flat,0.8153
D24_Xiaomi_RedmiNote3_flat_frames_vid2_i_ref.jpg,ref_D03_Huawei_P9/flat,0.8861
D24_Xiaomi_RedmiNote3_flat_frames_vid2_i_ref.jpg,ref_D04_LG_D290/flat,0.0532
D24_Xiaomi_RedmiNote3_flat_frames_vid2_i_ref.jpg,ref_D07_Lenovo_P70A/flat,0.0412
D24_Xiaomi_RedmiNote3_flat_frames_vid2_i_ref.jpg,ref_D12_Sony_XperiaZ1Compact/flat,0.8738
D24_Xiaomi_RedmiNote3_flat_frames_vid2_i_ref.jpg,ref_D17_Microsoft_Lumia640LTE/flat,0.8943
D24_Xiaomi_RedmiNote3_flat_frames_vid2_i_ref.jpg,ref_D21_Wiko_Ridge4G/flat,0.8897
D24_Xiaomi_RedmiNote3_flat_frames_vid2_i_ref.jpg,ref_D23_Asus_Zenfone2Laser/flat,-0.0204
D24_Xiaomi_RedmiNote3_flat_frames_vid2_i_ref.jpg,ref_D24_Xiaomi_RedmiNote3/flat,0.9765
D24_Xiaomi_RedmiNote3_flat_frames_vid2_i_ref.jpg,ref_D25_OnePlus_A3000/flat,0.8628
D24_Xiaomi_RedmiNote3_flat_frames_vid3_i_ref.jpg,ref_D01_Samsung_GalaxyS3Mini/flat,-0.0164
D24_Xiaomi_RedmiNote3_flat_frames_vid3_i_ref.jpg,ref_D02_Apple_iPhone4s/flat,0.9134
D24_Xiaomi_RedmiNote3_flat_frames_vid3_i_ref.jpg,ref_D03_Huawei_P9/flat,0.9434
D24_Xiaomi_RedmiNote3_flat_frames_vid3_i_ref.jpg,ref_D04_LG_D290/flat,0.0636
D24_Xiaomi_RedmiNote3_flat_frames_vid3_i_ref.jpg,ref_D07_Lenovo_P70A/flat,0.0227
D24_Xiaomi_RedmiNote3_flat_frames_vid3_i_ref.jpg,ref_D12_Sony_XperiaZ1Compact/flat,0.9082
D24_Xiaomi_RedmiNote3_flat_frames_vid3_i_ref.jpg,ref_D17_Microsoft_Lumia640LTE/flat,0.8595
D24_Xiaomi_RedmiNote3_flat_frames_vid3_i_ref.jpg,ref_D21_Wiko_Ridge4G/flat,0.8273
D24_Xiaomi_RedmiNote3_flat_frames_vid3_i_ref.jpg,ref_D23_Asus_Zenfone2Laser/flat,-0.0149
D24_Xiaomi_RedmiNote3_flat_frames_vid3_i_ref.jpg,ref_D24_Xiaomi_RedmiNote3/flat,0.8496
D24_Xiaomi_RedmiNote3_flat_frames_vid3_i_ref.jpg,ref_D25_OnePlus_A3000/flat,0.9257
D24_Xiaomi_RedmiNote3_flat_frames_vid4_i_ref.jpg,ref_D01_Samsung_GalaxyS3Mini/flat,-0.0183
D24_Xiaomi_RedmiNote3_flat_frames_vid4_i_ref.jpg,ref_D02_Apple_iPhone4s/flat,0.8836
D24_Xiaomi_RedmiNote3_flat_frames_vid4_i_ref.jpg,ref_D03_Huawei_P9/flat,0.9414
D24_Xiaomi_RedmiNote3_flat_frames_vid4_i_ref.jpg,ref_D04_LG_D290/flat,0.0668
D24_Xiaomi_RedmiNote3_flat_frames_vid4_i_ref.jpg,ref_D07_Lenovo_P70A/flat,0.0234
D24_Xiaomi_RedmiNote3_flat_frames_vid4_i_ref.jpg,ref_D12_Sony_XperiaZ1Compact/flat,0.9119
D24_Xiaomi_RedmiNote3_flat_frames_vid4_i_ref.jpg,ref_D17_Microsoft_Lumia640LTE/flat,0.8877
D24_Xiaomi_RedmiNote3_flat_frames_vid4_i_ref.jpg,ref_D21_Wiko_Ridge4G/flat,0.8571
D24_Xiaomi_RedmiNote3_flat_frames_vid4_i_ref.jpg,ref_D23_Asus_Zenfone2Laser/flat,-0.0226
D24_Xiaomi_RedmiNote3_flat_frames_vid4_i_ref.jpg,ref_D24_Xiaomi_RedmiNote3/flat,0.8844
D24_Xiaomi_RedmiNote3_flat_frames_vid4_i_ref.jpg,ref_D25_OnePlus_A3000/flat,0.9017
D24_Xiaomi_RedmiNote3_flat_frames_vid5_i_ref.jpg,ref_D01_Samsung_GalaxyS3Mini/flat,-0.0188
D24_Xiaomi_RedmiNote3_flat_frames_vid5_i_ref.jpg,ref_D02_Apple_iPhone4s/flat,0.8863
D24_Xiaomi_RedmiNote3_flat_frames_vid5_i_ref.jpg,ref_D03_Huawei_P9/flat,0.9441
D24_Xiaomi_RedmiNote3_flat_frames_vid5_i_ref.jpg,ref_D04_LG_D290/flat,0.0667
D24_Xiaomi_RedmiNote3_flat_frames_vid5_i_ref.jpg,ref_D07_Lenovo_P70A/flat,0.0233
D24_Xiaomi_RedmiNote3_flat_frames_vid5_i_ref.jpg,ref_D12_Sony_XperiaZ1Compact/flat,0.9142
D24_Xiaomi_RedmiNote3_flat_frames_vid5_i_ref.jpg,ref_D17_Microsoft_Lumia640LTE/flat,0.8877
D24_Xiaomi_RedmiNote3_flat_frames_vid5_i_ref.jpg,ref_D21_Wiko_Ridge4G/flat,0.8579
D24_Xiaomi_RedmiNote3_flat_frames_vid5_i_ref.jpg,ref_D23_Asus_Zenfone2Laser/flat,-0.0226
D24_Xiaomi_RedmiNote3_flat_frames_vid5_i_ref.jpg,ref_D24_Xiaomi_RedmiNote3/flat,0.8852
D24_Xiaomi_RedmiNote3_flat_frames_vid5_i_ref.jpg,ref_D25_OnePlus_A3000/flat,0.9049
D24_Xiaomi_RedmiNote3_flat_frames_vid6_i_ref.jpg,ref_D01_Samsung_GalaxyS3Mini/flat,-0.0164
D24_Xiaomi_RedmiNote3_flat_frames_vid6_i_ref.jpg,ref_D02_Apple_iPhone4s/flat,0.9134
D24_Xiaomi_RedmiNote3_flat_frames_vid6_i_ref.jpg,ref_D03_Huawei_P9/flat,0.9434
D24_Xiaomi_RedmiNote3_flat_frames_vid6_i_ref.jpg,ref_D04_LG_D290/flat,0.0636
D24_Xiaomi_RedmiNote3_flat_frames_vid6_i_ref.jpg,ref_D07_Lenovo_P70A/flat,0.0227
D24_Xiaomi_RedmiNote3_flat_frames_vid6_i_ref.jpg,ref_D12_Sony_XperiaZ1Compact/flat,0.9082
D24_Xiaomi_RedmiNote3_flat_frames_vid6_i_ref.jpg,ref_D17_Microsoft_Lumia640LTE/flat,0.8595
D24_Xiaomi_RedmiNote3_flat_frames_vid6_i_ref.jpg,ref_D21_Wiko_Ridge4G/flat,0.8273
D24_Xiaomi_RedmiNote3_flat_frames_vid6_i_ref.jpg,ref_D23_Asus_Zenfone2Laser/flat,-0.0149
D24_Xiaomi_RedmiNote3_flat_frames_vid6_i_ref.jpg,ref_D24_Xiaomi_RedmiNote3/flat,0.8496
D24_Xiaomi_RedmiNote3_flat_frames_vid6_i_ref.jpg,ref_D25_OnePlus_A3000/flat,0.9257
D24_Xiaomi_RedmiNote3_flat_frames_vid7_i_ref.jpg,ref_D01_Samsung_GalaxyS3Mini/flat,-0.0087
D24_Xiaomi_RedmiNote3_flat_frames_vid7_i_ref.jpg,ref_D02_Apple_iPhone4s/flat,0.8901
D24_Xiaomi_RedmiNote3_flat_frames_vid7_i_ref.jpg,ref_D03_Huawei_P9/flat,0.9417
D24_Xiaomi_RedmiNote3_flat_frames_vid7_i_ref.jpg,ref_D04_LG_D290/flat,0.0664
D24_Xiaomi_RedmiNote3_flat_frames_vid7_i_ref.jpg,ref_D07_Lenovo_P70A/flat,0.0170
D24_Xiaomi_RedmiNote3_flat_frames_vid7_i_ref.jpg,ref_D12_Sony_XperiaZ1Compact/flat,0.9051
D24_Xiaomi_RedmiNote3_flat_frames_vid7_i_ref.jpg,ref_D17_Microsoft_Lumia640LTE/flat,0.8681
D24_Xiaomi_RedmiNote3_flat_frames_vid7_i_ref.jpg,ref_D21_Wiko_Ridge4G/flat,0.8422
D24_Xiaomi_RedmiNote3_flat_frames_vid7_i_ref.jpg,ref_D23_Asus_Zenfone2Laser/flat,-0.0209
D24_Xiaomi_RedmiNote3_flat_frames_vid7_i_ref.jpg,ref_D24_Xiaomi_RedmiNote3/flat,0.8734
D24_Xiaomi_RedmiNote3_flat_frames_vid7_i_ref.jpg,ref_D25_OnePlus_A3000/flat,0.9073
D25_OnePlus_A3000_flat_frames_vid2_i_ref.jpg,ref_D01_Samsung_GalaxyS3Mini/flat,-0.0111
D25_OnePlus_A3000_flat_frames_vid2_i_ref.jpg,ref_D02_Apple_iPhone4s/flat,0.9451
D25_OnePlus_A3000_flat_frames_vid2_i_ref.jpg,ref_D03_Huawei_P9/flat,0.9506
D25_OnePlus_A3000_flat_frames_vid2_i_ref.jpg,ref_D04_LG_D290/flat,0.0620
D25_OnePlus_A3000_flat_frames_vid2_i_ref.jpg,ref_D07_Lenovo_P70A/flat,0.0272
D25_OnePlus_A3000_flat_frames_vid2_i_ref.jpg,ref_D12_Sony_XperiaZ1Compact/flat,0.9080
D25_OnePlus_A3000_flat_frames_vid2_i_ref.jpg,ref_D17_Microsoft_Lumia640LTE/flat,0.7792
D25_OnePlus_A3000_flat_frames_vid2_i_ref.jpg,ref_D21_Wiko_Ridge4G/flat,0.7784
D25_OnePlus_A3000_flat_frames_vid2_i_ref.jpg,ref_D23_Asus_Zenfone2Laser/flat,-0.0094
D25_OnePlus_A3000_flat_frames_vid2_i_ref.jpg,ref_D24_Xiaomi_RedmiNote3/flat,0.8397
D25_OnePlus_A3000_flat_frames_vid2_i_ref.jpg,ref_D25_OnePlus_A3000/flat,0.9928
D25_OnePlus_A3000_flat_frames_vid3_i_ref.jpg,ref_D01_Samsung_GalaxyS3Mini/flat,-0.0182
D25_OnePlus_A3000_flat_frames_vid3_i_ref.jpg,ref_D02_Apple_iPhone4s/flat,0.8836
D25_OnePlus_A3000_flat_frames_vid3_i_ref.jpg,ref_D03_Huawei_P9/flat,0.9574
D25_OnePlus_A3000_flat_frames_vid3_i_ref.jpg,ref_D04_LG_D290/flat,0.0628
D25_OnePlus_A3000_flat_frames_vid3_i_ref.jpg,ref_D07_Lenovo_P70A/flat,0.0221
D25_OnePlus_A3000_flat_frames_vid3_i_ref.jpg,ref_D12_Sony_XperiaZ1Compact/flat,0.9207
D25_OnePlus_A3000_flat_frames_vid3_i_ref.jpg,ref_D17_Microsoft_Lumia640LTE/flat,0.8559
D25_OnePlus_A3000_flat_frames_vid3_i_ref.jpg,ref_D21_Wiko_Ridge4G/flat,0.8555
D25_OnePlus_A3000_flat_frames_vid3_i_ref.jpg,ref_D23_Asus_Zenfone2Laser/flat,-0.0210
D25_OnePlus_A3000_flat_frames_vid3_i_ref.jpg,ref_D24_Xiaomi_RedmiNote3/flat,0.9015
D25_OnePlus_A3000_flat_frames_vid3_i_ref.jpg,ref_D25_OnePlus_A3000/flat,0.9310
D25_OnePlus_A3000_flat_frames_vid4_i_ref.jpg,ref_D01_Samsung_GalaxyS3Mini/flat,-0.0120
D25_OnePlus_A3000_flat_frames_vid4_i_ref.jpg,ref_D02_Apple_iPhone4s/flat,0.9160
D25_OnePlus_A3000_flat_frames_vid4_i_ref.jpg,ref_D03_Huawei_P9/flat,0.9757
D25_OnePlus_A3000_flat_frames_vid4_i_ref.jpg,ref_D04_LG_D290/flat,0.0590
D25_OnePlus_A3000_flat_frames_vid4_i_ref.jpg,ref_D07_Lenovo_P70A/flat,0.0165
D25_OnePlus_A3000_flat_frames_vid4_i_ref.jpg,ref_D12_Sony_XperiaZ1Compact/flat,0.9200
D25_OnePlus_A3000_flat_frames_vid4_i_ref.jpg,ref_D17_Microsoft_Lumia640LTE/flat,0.8376
D25_OnePlus_A3000_flat_frames_vid4_i_ref.jpg,ref_D21_Wiko_Ridge4G/flat,0.8256
D25_OnePlus_A3000_flat_frames_vid4_i_ref.jpg,ref_D23_Asus_Zenfone2Laser/flat,-0.0146
D25_OnePlus_A3000_flat_frames_vid4_i_ref.jpg,ref_D24_Xiaomi_RedmiNote3/flat,0.8649
D25_OnePlus_A3000_flat_frames_vid4_i_ref.jpg,ref_D25_OnePlus_A3000/flat,0.9531
D25_OnePlus_A3000_flat_frames_vid5_i_ref.jpg,ref_D01_Samsung_GalaxyS3Mini/flat,-0.0123
D25_OnePlus_A3000_flat_frames_vid5_i_ref.jpg,ref_D02_Apple_iPhone4s/flat,0.9149
D25_OnePlus_A3000_flat_frames_vid5_i_ref.jpg,ref_D03_Huawei_P9/flat,0.9763
D25_OnePlus_A3000_flat_frames_vid5_i_ref.jpg,ref_D04_LG_D290/flat,0.0587
D25_OnePlus_A3000_flat_frames_vid5_i_ref.jpg,ref_D07_Lenovo_P70A/flat,0.0163
D25_OnePlus_A3000_flat_frames_vid5_i_ref.jpg,ref_D12_Sony_XperiaZ1Compact/flat,0.9219
D25_OnePlus_A3000_flat_frames_vid5_i_ref.jpg,ref_D17_Microsoft_Lumia640LTE/flat,0.8398
D25_OnePlus_A3000_flat_frames_vid5_i_ref.jpg,ref_D21_Wiko_Ridge4G/flat,0.8284
D25_OnePlus_A3000_flat_frames_vid5_i_ref.jpg,ref_D23_Asus_Zenfone2Laser/flat,-0.0148
D25_OnePlus_A3000_flat_frames_vid5_i_ref.jpg,ref_D24_Xiaomi_RedmiNote3/flat,0.8670
D25_OnePlus_A3000_flat_frames_vid5_i_ref.jpg,ref_D25_OnePlus_A3000/flat,0.9519
D25_OnePlus_A3000_flat_frames_vid6_i_ref.jpg,ref_D01_Samsung_GalaxyS3Mini/flat,-0.0182
D25_OnePlus_A3000_flat_frames_vid6_i_ref.jpg,ref_D02_Apple_iPhone4s/flat,0.8836
D25_OnePlus_A3000_flat_frames_vid6_i_ref.jpg,ref_D03_Huawei_P9/flat,0.9574
D25_OnePlus_A3000_flat_frames_vid6_i_ref.jpg,ref_D04_LG_D290/flat,0.0628
D25_OnePlus_A3000_flat_frames_vid6_i_ref.jpg,ref_D07_Lenovo_P70A/flat,0.0221
D25_OnePlus_A3000_flat_frames_vid6_i_ref.jpg,ref_D12_Sony_XperiaZ1Compact/flat,0.9207
D25_OnePlus_A3000_flat_frames_vid6_i_ref.jpg,ref_D17_Microsoft_Lumia640LTE/flat,0.8559
D25_OnePlus_A3000_flat_frames_vid6_i_ref.jpg,ref_D21_Wiko_Ridge4G/flat,0.8555
D25_OnePlus_A3000_flat_frames_vid6_i_ref.jpg,ref_D23_Asus_Zenfone2Laser/flat,-0.0210
D25_OnePlus_A3000_flat_frames_vid6_i_ref.jpg,ref_D24_Xiaomi_RedmiNote3/flat,0.9015
D25_OnePlus_A3000_flat_frames_vid6_i_ref.jpg,ref_D25_OnePlus_A3000/flat,0.9310
D25_OnePlus_A3000_flat_frames_vid7_i_ref.jpg,ref_D01_Samsung_GalaxyS3Mini/flat,-0.0164
D25_OnePlus_A3000_flat_frames_vid7_i_ref.jpg,ref_D02_Apple_iPhone4s/flat,0.8804
D25_OnePlus_A3000_flat_frames_vid7_i_ref.jpg,ref_D03_Huawei_P9/flat,0.9540
D25_OnePlus_A3000_flat_frames_vid7_i_ref.jpg,ref_D04_LG_D290/flat,0.0618
D25_OnePlus_A3000_flat_frames_vid7_i_ref.jpg,ref_D07_Lenovo_P70A/flat,0.0192
D25_OnePlus_A3000_flat_frames_vid7_i_ref.jpg,ref_D12_Sony_XperiaZ1Compact/flat,0.9180
D25_OnePlus_A3000_flat_frames_vid7_i_ref.jpg,ref_D17_Microsoft_Lumia640LTE/flat,0.8547
D25_OnePlus_A3000_flat_frames_vid7_i_ref.jpg,ref_D21_Wiko_Ridge4G/flat,0.8555
D25_OnePlus_A3000_flat_frames_vid7_i_ref.jpg,ref_D23_Asus_Zenfone2Laser/flat,-0.0209
D25_OnePlus_A3000_flat_frames_vid7_i_ref.jpg,ref_D24_Xiaomi_RedmiNote3/flat,0.9018
D25_OnePlus_A3000_flat_frames_vid7_i_ref.jpg,ref_D25_OnePlus_A3000/flat,0.9283
