D01_Samsung_GalaxyS3Mini_flat_frames_vid2_i_ref.jpg,ref_D01_Samsung_GalaxyS3Mini/outdoor,-0.0075
D01_Samsung_GalaxyS3Mini_flat_frames_vid2_i_ref.jpg,ref_D02_Apple_iPhone4s/outdoor,-0.0331
D01_Samsung_GalaxyS3Mini_flat_frames_vid2_i_ref.jpg,ref_D03_Huawei_P9/outdoor,-0.0062
D01_Samsung_GalaxyS3Mini_flat_frames_vid2_i_ref.jpg,ref_D04_LG_D290/outdoor,-0.0193
D01_Samsung_GalaxyS3Mini_flat_frames_vid2_i_ref.jpg,ref_D07_Lenovo_P70A/outdoor,-0.2165
D01_Samsung_GalaxyS3Mini_flat_frames_vid2_i_ref.jpg,ref_D12_Sony_XperiaZ1Compact/outdoor,-0.0143
D01_Samsung_GalaxyS3Mini_flat_frames_vid2_i_ref.jpg,ref_D17_Microsoft_Lumia640LTE/outdoor,-0.0369
D01_Samsung_GalaxyS3Mini_flat_frames_vid2_i_ref.jpg,ref_D21_Wiko_Ridge4G/outdoor,0.0064
D01_Samsung_GalaxyS3Mini_flat_frames_vid2_i_ref.jpg,ref_D23_Asus_Zenfone2Laser/outdoor,-0.0785
D01_Samsung_GalaxyS3Mini_flat_frames_vid2_i_ref.jpg,ref_D24_Xiaomi_RedmiNote3/outdoor,0.0027
D01_Samsung_GalaxyS3Mini_flat_frames_vid2_i_ref.jpg,ref_D25_OnePlus_A3000/outdoor,-0.0142
D01_Samsung_GalaxyS3Mini_flat_frames_vid3_i_ref.jpg,ref_D01_Samsung_GalaxyS3Mini/outdoor,-0.0052
D01_Samsung_GalaxyS3Mini_flat_frames_vid3_i_ref.jpg,ref_D02_Apple_iPhone4s/outdoor,-0.0166
D01_Samsung_GalaxyS3Mini_flat_frames_vid3_i_ref.jpg,ref_D03_Huawei_P9/outdoor,-0.0003
D01_Samsung_GalaxyS3Mini_flat_frames_vid3_i_ref.jpg,ref_D04_LG_D290/outdoor,0.0111
D01_Samsung_GalaxyS3Mini_flat_frames_vid3_i_ref.jpg,ref_D07_Lenovo_P70A/outdoor,-0.1263
D01_Samsung_GalaxyS3Mini_flat_frames_vid3_i_ref.jpg,ref_D12_Sony_XperiaZ1Compact/outdoor,-0.0102
D01_Samsung_GalaxyS3Mini_flat_frames_vid3_i_ref.jpg,ref_D17_Microsoft_Lumia640LTE/outdoor,-0.0297
D01_Samsung_GalaxyS3Mini_flat_frames_vid3_i_ref.jpg,ref_D21_Wiko_Ridge4G/outdoor,0.0006
D01_Samsung_GalaxyS3Mini_flat_frames_vid3_i_ref.jpg,ref_D23_Asus_Zenfone2Laser/outdoor,-0.0455
D01_Samsung_GalaxyS3Mini_flat_frames_vid3_i_ref.jpg,ref_D24_Xiaomi_RedmiNote3/outdoor,-0.0014
D01_Samsung_GalaxyS3Mini_flat_frames_vid3_i_ref.jpg,ref_D25_OnePlus_A3000/outdoor,-0.0097
D01_Samsung_GalaxyS3Mini_flat_frames_vid4_i_ref.jpg,ref_D01_Samsung_GalaxyS3Mini/outdoor,-0.0070
D01_Samsung_GalaxyS3Mini_flat_frames_vid4_i_ref.jpg,ref_D02_Apple_iPhone4s/outdoor,-0.0096
D01_Samsung_GalaxyS3Mini_flat_frames_vid4_i_ref.jpg,ref_D03_Huawei_P9/outdoor,0.0097
D01_Samsung_GalaxyS3Mini_flat_frames_vid4_i_ref.jpg,ref_D04_LG_D290/outdoor,0.0059
D01_Samsung_GalaxyS3Mini_flat_frames_vid4_i_ref.jpg,ref_D07_Lenovo_P70A/outdoor,-0.2592
D01_Samsung_GalaxyS3Mini_flat_frames_vid4_i_ref.jpg,ref_D12_Sony_XperiaZ1Compact/outdoor,-0.0020
D01_Samsung_GalaxyS3Mini_flat_frames_vid4_i_ref.jpg,ref_D17_Microsoft_Lumia640LTE/outdoor,-0.0085
D01_Samsung_GalaxyS3Mini_flat_frames_vid4_i_ref.jpg,ref_D21_Wiko_Ridge4G/outdoor,0.0035
D01_Samsung_GalaxyS3Mini_flat_frames_vid4_i_ref.jpg,ref_D23_Asus_Zenfone2Laser/outdoor,-0.0482
D01_Samsung_GalaxyS3Mini_flat_frames_vid4_i_ref.jpg,ref_D24_Xiaomi_RedmiNote3/outdoor,0.0026
D01_Samsung_GalaxyS3Mini_flat_frames_vid4_i_ref.jpg,ref_D25_OnePlus_A3000/outdoor,-0.0003
D02_Apple_iPhone4s_flat_frames_vid2_i_ref.jpg,ref_D01_Samsung_GalaxyS3Mini/outdoor,-0.0045
D02_Apple_iPhone4s_flat_frames_vid2_i_ref.jpg,ref_D02_Apple_iPhone4s/outdoor,0.7411
D02_Apple_iPhone4s_flat_frames_vid2_i_ref.jpg,ref_D03_Huawei_P9/outdoor,0.8720
D02_Apple_iPhone4s_flat_frames_vid2_i_ref.jpg,ref_D04_LG_D290/outdoor,0.0213
D02_Apple_iPhone4s_flat_frames_vid2_i_ref.jpg,ref_D07_Lenovo_P70A/outdoor,0.0148
D02_Apple_iPhone4s_flat_frames_vid2_i_ref.jpg,ref_D12_Sony_XperiaZ1Compact/outdoor,0.8611
D02_Apple_iPhone4s_flat_frames_vid2_i_ref.jpg,ref_D17_Microsoft_Lumia640LTE/outdoor,0.7820
D02_Apple_iPhone4s_flat_frames_vid2_i_ref.jpg,ref_D21_Wiko_Ridge4G/outdoor,0.8064
D02_Apple_iPhone4s_flat_frames_vid2_i_ref.jpg,ref_D23_Asus_Zenfone2Laser/outdoor,0.0466
D02_Apple_iPhone4s_flat_frames_vid2_i_ref.jpg,ref_D24_Xiaomi_RedmiNote3/outdoor,0.8440
D02_Apple_iPhone4s_flat_frames_vid2_i_ref.jpg,ref_D25_OnePlus_A3000/outdoor,0.7840
D02_Apple_iPhone4s_flat_frames_vid3_i_ref.jpg,ref_D01_Samsung_GalaxyS3Mini/outdoor,-0.0030
D02_Apple_iPhone4s_flat_frames_vid3_i_ref.jpg,ref_D02_Apple_iPhone4s/outdoor,0.6384
D02_Apple_iPhone4s_flat_frames_vid3_i_ref.jpg,ref_D03_Huawei_P9/outdoor,0.8106
D02_Apple_iPhone4s_flat_frames_vid3_i_ref.jpg,ref_D04_LG_D290/outdoor,0.0228
D02_Apple_iPhone4s_flat_frames_vid3_i_ref.jpg,ref_D07_Lenovo_P70A/outdoor,0.0085
D02_Apple_iPhone4s_flat_frames_vid3_i_ref.jpg,ref_D12_Sony_XperiaZ1Compact/outdoor,0.7803
D02_Apple_iPhone4s_flat_frames_vid3_i_ref.jpg,ref_D17_Microsoft_Lumia640LTE/outdoor,0.6820
D02_Apple_iPhone4s_flat_frames_vid3_i_ref.jpg,ref_D21_Wiko_Ridge4G/outdoor,0.8260
D02_Apple_iPhone4s_flat_frames_vid3_i_ref.jpg,ref_D23_Asus_Zenfone2Laser/outdoor,0.0184
D02_Apple_iPhone4s_flat_frames_vid3_i_ref.jpg,ref_D24_Xiaomi_RedmiNote3/outdoor,0.8413
D02_Apple_iPhone4s_flat_frames_vid3_i_ref.jpg,ref_D25_OnePlus_A3000/outdoor,0.6989
D02_Apple_iPhone4s_flat_frames_vid4_i_ref.jpg,ref_D01_Samsung_GalaxyS3Mini/outdoor,-0.0047
D02_Apple_iPhone4s_flat_frames_vid4_i_ref.jpg,ref_D02_Apple_iPhone4s/outdoor,0.7295
D02_Apple_iPhone4s_flat_frames_vid4_i_ref.jpg,ref_D03_Huawei_P9/outdoor,0.8634
D02_Apple_iPhone4s_flat_frames_vid4_i_ref.jpg,ref_D04_LG_D290/outdoor,0.0216
D02_Apple_iPhone4s_flat_frames_vid4_i_ref.jpg,ref_D07_Lenovo_P70A/outdoor,0.0141
D02_Apple_iPhone4s_flat_frames_vid4_i_ref.jpg,ref_D12_Sony_XperiaZ1Compact/outdoor,0.8531
D02_Apple_iPhone4s_flat_frames_vid4_i_ref.jpg,ref_D17_Microsoft_Lumia640LTE/outdoor,0.7703
D02_Apple_iPhone4s_flat_frames_vid4_i_ref.jpg,ref_D21_Wiko_Ridge4G/outdoor,0.8048
D02_Apple_iPhone4s_flat_frames_vid4_i_ref.jpg,ref_D23_Asus_Zenfone2Laser/outdoor,0.0365
D02_Apple_iPhone4s_flat_frames_vid4_i_ref.jpg,ref_D24_Xiaomi_RedmiNote3/outdoor,0.8407
D02_Apple_iPhone4s_flat_frames_vid4_i_ref.jpg,ref_D25_OnePlus_A3000/outdoor,0.7748
D03_Huawei_P9_flat_frames_vid2_i_ref.jpg,ref_D01_Samsung_GalaxyS3Mini/outdoor,-0.0051
D03_Huawei_P9_flat_frames_vid2_i_ref.jpg,ref_D02_Apple_iPhone4s/outdoor,0.7239
D03_Huawei_P9_flat_frames_vid2_i_ref.jpg,ref_D03_Huawei_P9/outdoor,0.8651
D03_Huawei_P9_flat_frames_vid2_i_ref.jpg,ref_D04_LG_D290/outdoor,0.0197
D03_Huawei_P9_flat_frames_vid2_i_ref.jpg,ref_D07_Lenovo_P70A/outdoor,0.0149
D03_Huawei_P9_flat_frames_vid2_i_ref.jpg,ref_D12_Sony_XperiaZ1Compact/outdoor,0.8580
D03_Huawei_P9_flat_frames_vid2_i_ref.jpg,ref_D17_Microsoft_Lumia640LTE/outdoor,0.7689
D03_Huawei_P9_flat_frames_vid2_i_ref.jpg,ref_D21_Wiko_Ridge4G/outdoor,0.8041
D03_Huawei_P9_flat_frames_vid2_i_ref.jpg,ref_D23_Asus_Zenfone2Laser/outdoor,0.0288
D03_Huawei_P9_flat_frames_vid2_i_ref.jpg,ref_D24_Xiaomi_RedmiNote3/outdoor,0.8416
D03_Huawei_P9_flat_frames_vid2_i_ref.jpg,ref_D25_OnePlus_A3000/outdoor,0.7693
D03_Huawei_P9_flat_frames_vid3_i_ref.jpg,ref_D01_Samsung_GalaxyS3Mini/outdoor,-0.0033
D03_Huawei_P9_flat_frames_vid3_i_ref.jpg,ref_D02_Apple_iPhone4s/outdoor,0.7552
D03_Huawei_P9_flat_frames_vid3_i_ref.jpg,ref_D03_Huawei_P9/outdoor,0.8839
D03_Huawei_P9_flat_frames_vid3_i_ref.jpg,ref_D04_LG_D290/outdoor,0.0220
D03_Huawei_P9_flat_frames_vid3_i_ref.jpg,ref_D07_Lenovo_P70A/outdoor,0.0154
D03_Huawei_P9_flat_frames_vid3_i_ref.jpg,ref_D12_Sony_XperiaZ1Compact/outdoor,0.8836
D03_Huawei_P9_flat_frames_vid3_i_ref.jpg,ref_D17_Microsoft_Lumia640LTE/outdoor,0.8000
D03_Huawei_P9_flat_frames_vid3_i_ref.jpg,ref_D21_Wiko_Ridge4G/outdoor,0.8130
D03_Huawei_P9_flat_frames_vid3_i_ref.jpg,ref_D23_Asus_Zenfone2Laser/outdoor,0.0476
D03_Huawei_P9_flat_frames_vid3_i_ref.jpg,ref_D24_Xiaomi_RedmiNote3/outdoor,0.8489
D03_Huawei_P9_flat_frames_vid3_i_ref.jpg,ref_D25_OnePlus_A3000/outdoor,0.7975
D03_Huawei_P9_flat_frames_vid4_i_ref.jpg,ref_D01_Samsung_GalaxyS3Mini/outdoor,-0.0035
D03_Huawei_P9_flat_frames_vid4_i_ref.jpg,ref_D02_Apple_iPhone4s/outdoor,0.7541
D03_Huawei_P9_flat_frames_vid4_i_ref.jpg,ref_D03_Huawei_P9/outdoor,0.8857
D03_Huawei_P9_flat_frames_vid4_i_ref.jpg,ref_D04_LG_D290/outdoor,0.0221
D03_Huawei_P9_flat_frames_vid4_i_ref.jpg,ref_D07_Lenovo_P70A/outdoor,0.0154
D03_Huawei_P9_flat_frames_vid4_i_ref.jpg,ref_D12_Sony_XperiaZ1Compact/outdoor,0.8846
D03_Huawei_P9_flat_frames_vid4_i_ref.jpg,ref_D17_Microsoft_Lumia640LTE/outdoor,0.7995
D03_Huawei_P9_flat_frames_vid4_i_ref.jpg,ref_D21_Wiko_Ridge4G/outdoor,0.8146
D03_Huawei_P9_flat_frames_vid4_i_ref.jpg,ref_D23_Asus_Zenfone2Laser/outdoor,0.0480
D03_Huawei_P9_flat_frames_vid4_i_ref.jpg,ref_D24_Xiaomi_RedmiNote3/outdoor,0.8510
D03_Huawei_P9_flat_frames_vid4_i_ref.jpg,ref_D25_OnePlus_A3000/outdoor,0.7976
D03_Huawei_P9_flat_frames_vid5_i_ref.jpg,ref_D01_Samsung_GalaxyS3Mini/outdoor,-0.0009
D03_Huawei_P9_flat_frames_vid5_i_ref.jpg,ref_D02_Apple_iPhone4s/outdoor,0.7701
D03_Huawei_P9_flat_frames_vid5_i_ref.jpg,ref_D03_Huawei_P9/outdoor,0.8807
D03_Huawei_P9_flat_frames_vid5_i_ref.jpg,ref_D04_LG_D290/outdoor,0.0223
D03_Huawei_P9_flat_frames_vid5_i_ref.jpg,ref_D07_Lenovo_P70A/outdoor,0.0142
D03_Huawei_P9_flat_frames_vid5_i_ref.jpg,ref_D12_Sony_XperiaZ1Compact/outdoor,0.8892
D03_Huawei_P9_flat_frames_vid5_i_ref.jpg,ref_D17_Microsoft_Lumia640LTE/outdoor,0.8111
D03_Huawei_P9_flat_frames_vid5_i_ref.jpg,ref_D21_Wiko_Ridge4G/outdoor,0.8070
D03_Huawei_P9_flat_frames_vid5_i_ref.jpg,ref_D23_Asus_Zenfone2Laser/outdoor,0.0437
D03_Huawei_P9_flat_frames_vid5_i_ref.jpg,ref_D24_Xiaomi_RedmiNote3/outdoor,0.8398
D03_Huawei_P9_flat_frames_vid5_i_ref.jpg,ref_D25_OnePlus_A3000/outdoor,0.8063
D03_Huawei_P9_flat_frames_vid6_i_ref.jpg,ref_D01_Samsung_GalaxyS3Mini/outdoor,-0.0033
D03_Huawei_P9_flat_frames_vid6_i_ref.jpg,ref_D02_Apple_iPhone4s/outdoor,0.7552
D03_Huawei_P9_flat_frames_vid6_i_ref.jpg,ref_D03_Huawei_P9/outdoor,0.8839
D03_Huawei_P9_flat_frames_vid6_i_ref.jpg,ref_D04_LG_D290/outdoor,0.0220
D03_Huawei_P9_flat_frames_vid6_i_ref.jpg,ref_D07_Lenovo_P70A/outdoor,0.0154
D03_Huawei_P9_flat_frames_vid6_i_ref.jpg,ref_D12_Sony_XperiaZ1Compact/outdoor,0.8836
D03_Huawei_P9_flat_frames_vid6_i_ref.jpg,ref_D17_Microsoft_Lumia640LTE/outdoor,0.8000
D03_Huawei_P9_flat_frames_vid6_i_ref.jpg,ref_D21_Wiko_Ridge4G/outdoor,0.8130
D03_Huawei_P9_flat_frames_vid6_i_ref.jpg,ref_D23_Asus_Zenfone2Laser/outdoor,0.0476
D03_Huawei_P9_flat_frames_vid6_i_ref.jpg,ref_D24_Xiaomi_RedmiNote3/outdoor,0.8489
D03_Huawei_P9_flat_frames_vid6_i_ref.jpg,ref_D25_OnePlus_A3000/outdoor,0.7975
D03_Huawei_P9_flat_frames_vid7_i_ref.jpg,ref_D01_Samsung_GalaxyS3Mini/outdoor,-0.0013
D03_Huawei_P9_flat_frames_vid7_i_ref.jpg,ref_D02_Apple_iPhone4s/outdoor,0.7777
D03_Huawei_P9_flat_frames_vid7_i_ref.jpg,ref_D03_Huawei_P9/outdoor,0.8826
D03_Huawei_P9_flat_frames_vid7_i_ref.jpg,ref_D04_LG_D290/outdoor,0.0228
D03_Huawei_P9_flat_frames_vid7_i_ref.jpg,ref_D07_Lenovo_P70A/outdoor,0.0118
D03_Huawei_P9_flat_frames_vid7_i_ref.jpg,ref_D12_Sony_XperiaZ1Compact/outdoor,0.8928
D03_Huawei_P9_flat_frames_vid7_i_ref.jpg,ref_D17_Microsoft_Lumia640LTE/outdoor,0.8214
D03_Huawei_P9_flat_frames_vid7_i_ref.jpg,ref_D21_Wiko_Ridge4G/outdoor,0.7931
D03_Huawei_P9_flat_frames_vid7_i_ref.jpg,ref_D23_Asus_Zenfone2Laser/outdoor,0.0516
D03_Huawei_P9_flat_frames_vid7_i_ref.jpg,ref_D24_Xiaomi_RedmiNote3/outdoor,0.8294
D03_Huawei_P9_flat_frames_vid7_i_ref.jpg,ref_D25_OnePlus_A3000/outdoor,0.8155
D04_LG_D290_flat_frames_vid2_i_ref.jpg,ref_D01_Samsung_GalaxyS3Mini/outdoor,0.0098
D04_LG_D290_flat_frames_vid2_i_ref.jpg,ref_D02_Apple_iPhone4s/outdoor,0.0328
D04_LG_D290_flat_frames_vid2_i_ref.jpg,ref_D03_Huawei_P9/outdoor,0.0694
D04_LG_D290_flat_frames_vid2_i_ref.jpg,ref_D04_LG_D290/outdoor,0.0654
D04_LG_D290_flat_frames_vid2_i_ref.jpg,ref_D07_Lenovo_P70A/outdoor,0.0665
D04_LG_D290_flat_frames_vid2_i_ref.jpg,ref_D12_Sony_XperiaZ1Compact/outdoor,0.0565
D04_LG_D290_flat_frames_vid2_i_ref.jpg,ref_D17_Microsoft_Lumia640LTE/outdoor,0.0417
D04_LG_D290_flat_frames_vid2_i_ref.jpg,ref_D21_Wiko_Ridge4G/outdoor,0.0587
D04_LG_D290_flat_frames_vid2_i_ref.jpg,ref_D23_Asus_Zenfone2Laser/outdoor,0.2411
D04_LG_D290_flat_frames_vid2_i_ref.jpg,ref_D24_Xiaomi_RedmiNote3/outdoor,0.0659
D04_LG_D290_flat_frames_vid2_i_ref.jpg,ref_D25_OnePlus_A3000/outdoor,0.0411
D04_LG_D290_flat_frames_vid3_i_ref.jpg,ref_D01_Samsung_GalaxyS3Mini/outdoor,0.0143
D04_LG_D290_flat_frames_vid3_i_ref.jpg,ref_D02_Apple_iPhone4s/outdoor,0.0327
D04_LG_D290_flat_frames_vid3_i_ref.jpg,ref_D03_Huawei_P9/outdoor,0.0653
D04_LG_D290_flat_frames_vid3_i_ref.jpg,ref_D04_LG_D290/outdoor,0.0932
D04_LG_D290_flat_frames_vid3_i_ref.jpg,ref_D07_Lenovo_P70A/outdoor,0.0771
D04_LG_D290_flat_frames_vid3_i_ref.jpg,ref_D12_Sony_XperiaZ1Compact/outdoor,0.0533
D04_LG_D290_flat_frames_vid3_i_ref.jpg,ref_D17_Microsoft_Lumia640LTE/outdoor,0.0404
D04_LG_D290_flat_frames_vid3_i_ref.jpg,ref_D21_Wiko_Ridge4G/outdoor,0.0553
D04_LG_D290_flat_frames_vid3_i_ref.jpg,ref_D23_Asus_Zenfone2Laser/outdoor,0.2120
D04_LG_D290_flat_frames_vid3_i_ref.jpg,ref_D24_Xiaomi_RedmiNote3/outdoor,0.0618
D04_LG_D290_flat_frames_vid3_i_ref.jpg,ref_D25_OnePlus_A3000/outdoor,0.0405
D04_LG_D290_flat_frames_vid4_i_ref.jpg,ref_D01_Samsung_GalaxyS3Mini/outdoor,0.0105
D04_LG_D290_flat_frames_vid4_i_ref.jpg,ref_D02_Apple_iPhone4s/outdoor,0.0363
D04_LG_D290_flat_frames_vid4_i_ref.jpg,ref_D03_Huawei_P9/outdoor,0.0659
D04_LG_D290_flat_frames_vid4_i_ref.jpg,ref_D04_LG_D290/outdoor,0.0771
D04_LG_D290_flat_frames_vid4_i_ref.jpg,ref_D07_Lenovo_P70A/outdoor,0.0748
D04_LG_D290_flat_frames_vid4_i_ref.jpg,ref_D12_Sony_XperiaZ1Compact/outdoor,0.0553
D04_LG_D290_flat_frames_vid4_i_ref.jpg,ref_D17_Microsoft_Lumia640LTE/outdoor,0.0440
D04_LG_D290_flat_frames_vid4_i_ref.jpg,ref_D21_Wiko_Ridge4G/outdoor,0.0603
D04_LG_D290_flat_frames_vid4_i_ref.jpg,ref_D23_Asus_Zenfone2Laser/outdoor,0.2097
D04_LG_D290_flat_frames_vid4_i_ref.jpg,ref_D24_Xiaomi_RedmiNote3/outdoor,0.0658
D04_LG_D290_flat_frames_vid4_i_ref.jpg,ref_D25_OnePlus_A3000/outdoor,0.0442
D04_LG_D290_flat_frames_vid5_i_ref.jpg,ref_D01_Samsung_GalaxyS3Mini/outdoor,0.0100
D04_LG_D290_flat_frames_vid5_i_ref.jpg,ref_D02_Apple_iPhone4s/outdoor,0.0358
D04_LG_D290_flat_frames_vid5_i_ref.jpg,ref_D03_Huawei_P9/outdoor,0.0682
D04_LG_D290_flat_frames_vid5_i_ref.jpg,ref_D04_LG_D290/outdoor,0.0614
D04_LG_D290_flat_frames_vid5_i_ref.jpg,ref_D07_Lenovo_P70A/outdoor,0.0668
D04_LG_D290_flat_frames_vid5_i_ref.jpg,ref_D12_Sony_XperiaZ1Compact/outdoor,0.0568
D04_LG_D290_flat_frames_vid5_i_ref.jpg,ref_D17_Microsoft_Lumia640LTE/outdoor,0.0438
D04_LG_D290_flat_frames_vid5_i_ref.jpg,ref_D21_Wiko_Ridge4G/outdoor,0.0619
D04_LG_D290_flat_frames_vid5_i_ref.jpg,ref_D23_Asus_Zenfone2Laser/outdoor,0.2336
D04_LG_D290_flat_frames_vid5_i_ref.jpg,ref_D24_Xiaomi_RedmiNote3/outdoor,0.0676
D04_LG_D290_flat_frames_vid5_i_ref.jpg,ref_D25_OnePlus_A3000/outdoor,0.0438
D04_LG_D290_flat_frames_vid6_i_ref.jpg,ref_D01_Samsung_GalaxyS3Mini/outdoor,0.0143
D04_LG_D290_flat_frames_vid6_i_ref.jpg,ref_D02_Apple_iPhone4s/outdoor,0.0327
D04_LG_D290_flat_frames_vid6_i_ref.jpg,ref_D03_Huawei_P9/outdoor,0.0653
D04_LG_D290_flat_frames_vid6_i_ref.jpg,ref_D04_LG_D290/outdoor,0.0932
D04_LG_D290_flat_frames_vid6_i_ref.jpg,ref_D07_Lenovo_P70A/outdoor,0.0771
D04_LG_D290_flat_frames_vid6_i_ref.jpg,ref_D12_Sony_XperiaZ1Compact/outdoor,0.0533
D04_LG_D290_flat_frames_vid6_i_ref.jpg,ref_D17_Microsoft_Lumia640LTE/outdoor,0.0404
D04_LG_D290_flat_frames_vid6_i_ref.jpg,ref_D21_Wiko_Ridge4G/outdoor,0.0553
D04_LG_D290_flat_frames_vid6_i_ref.jpg,ref_D23_Asus_Zenfone2Laser/outdoor,0.2120
D04_LG_D290_flat_frames_vid6_i_ref.jpg,ref_D24_Xiaomi_RedmiNote3/outdoor,0.0618
D04_LG_D290_flat_frames_vid6_i_ref.jpg,ref_D25_OnePlus_A3000/outdoor,0.0405
D04_LG_D290_flat_frames_vid7_i_ref.jpg,ref_D01_Samsung_GalaxyS3Mini/outdoor,0.0052
D04_LG_D290_flat_frames_vid7_i_ref.jpg,ref_D02_Apple_iPhone4s/outdoor,0.0076
D04_LG_D290_flat_frames_vid7_i_ref.jpg,ref_D03_Huawei_P9/outdoor,0.0222
D04_LG_D290_flat_frames_vid7_i_ref.jpg,ref_D04_LG_D290/outdoor,0.0196
D04_LG_D290_flat_frames_vid7_i_ref.jpg,ref_D07_Lenovo_P70A/outdoor,0.0148
D04_LG_D290_flat_frames_vid7_i_ref.jpg,ref_D12_Sony_XperiaZ1Compact/outdoor,0.0142
D04_LG_D290_flat_frames_vid7_i_ref.jpg,ref_D17_Microsoft_Lumia640LTE/outdoor,0.0155
D04_LG_D290_flat_frames_vid7_i_ref.jpg,ref_D21_Wiko_Ridge4G/outdoor,0.0285
D04_LG_D290_flat_frames_vid7_i_ref.jpg,ref_D23_Asus_Zenfone2Laser/outdoor,0.1876
D04_LG_D290_flat_frames_vid7_i_ref.jpg,ref_D24_Xiaomi_RedmiNote3/outdoor,0.0276
D04_LG_D290_flat_frames_vid7_i_ref.jpg,ref_D25_OnePlus_A3000/outdoor,0.0176
D07_Lenovo_P70A_flat_frames_vid2_i_ref.jpg,ref_D01_Samsung_GalaxyS3Mini/outdoor,0.0170
D07_Lenovo_P70A_flat_frames_vid2_i_ref.jpg,ref_D02_Apple_iPhone4s/outdoor,0.0231
D07_Lenovo_P70A_flat_frames_vid2_i_ref.jpg,ref_D03_Huawei_P9/outdoor,0.0056
D07_Lenovo_P70A_flat_frames_vid2_i_ref.jpg,ref_D04_LG_D290/outdoor,0.0068
D07_Lenovo_P70A_flat_frames_vid2_i_ref.jpg,ref_D07_Lenovo_P70A/outdoor,0.3137
D07_Lenovo_P70A_flat_frames_vid2_i_ref.jpg,ref_D12_Sony_XperiaZ1Compact/outdoor,0.0110
D07_Lenovo_P70A_flat_frames_vid2_i_ref.jpg,ref_D17_Microsoft_Lumia640LTE/outdoor,0.0148
D07_Lenovo_P70A_flat_frames_vid2_i_ref.jpg,ref_D21_Wiko_Ridge4G/outdoor,0.0141
D07_Lenovo_P70A_flat_frames_vid2_i_ref.jpg,ref_D23_Asus_Zenfone2Laser/outdoor,0.0488
D07_Lenovo_P70A_flat_frames_vid2_i_ref.jpg,ref_D24_Xiaomi_RedmiNote3/outdoor,0.0123
D07_Lenovo_P70A_flat_frames_vid2_i_ref.jpg,ref_D25_OnePlus_A3000/outdoor,0.0149
D07_Lenovo_P70A_flat_frames_vid3_i_ref.jpg,ref_D01_Samsung_GalaxyS3Mini/outdoor,0.0074
D07_Lenovo_P70A_flat_frames_vid3_i_ref.jpg,ref_D02_Apple_iPhone4s/outdoor,0.0227
D07_Lenovo_P70A_flat_frames_vid3_i_ref.jpg,ref_D03_Huawei_P9/outdoor,0.0203
D07_Lenovo_P70A_flat_frames_vid3_i_ref.jpg,ref_D04_LG_D290/outdoor,0.0058
D07_Lenovo_P70A_flat_frames_vid3_i_ref.jpg,ref_D07_Lenovo_P70A/outdoor,0.0566
D07_Lenovo_P70A_flat_frames_vid3_i_ref.jpg,ref_D12_Sony_XperiaZ1Compact/outdoor,0.0213
D07_Lenovo_P70A_flat_frames_vid3_i_ref.jpg,ref_D17_Microsoft_Lumia640LTE/outdoor,0.0227
D07_Lenovo_P70A_flat_frames_vid3_i_ref.jpg,ref_D21_Wiko_Ridge4G/outdoor,0.0244
D07_Lenovo_P70A_flat_frames_vid3_i_ref.jpg,ref_D23_Asus_Zenfone2Laser/outdoor,0.0345
D07_Lenovo_P70A_flat_frames_vid3_i_ref.jpg,ref_D24_Xiaomi_RedmiNote3/outdoor,0.0205
D07_Lenovo_P70A_flat_frames_vid3_i_ref.jpg,ref_D25_OnePlus_A3000/outdoor,0.0222
D07_Lenovo_P70A_flat_frames_vid4_i_ref.jpg,ref_D01_Samsung_GalaxyS3Mini/outdoor,0.0144
D07_Lenovo_P70A_flat_frames_vid4_i_ref.jpg,ref_D02_Apple_iPhone4s/outdoor,0.0384
D07_Lenovo_P70A_flat_frames_vid4_i_ref.jpg,ref_D03_Huawei_P9/outdoor,0.0116
D07_Lenovo_P70A_flat_frames_vid4_i_ref.jpg,ref_D04_LG_D290/outdoor,0.0131
D07_Lenovo_P70A_flat_frames_vid4_i_ref.jpg,ref_D07_Lenovo_P70A/outdoor,0.2758
D07_Lenovo_P70A_flat_frames_vid4_i_ref.jpg,ref_D12_Sony_XperiaZ1Compact/outdoor,0.0167
D07_Lenovo_P70A_flat_frames_vid4_i_ref.jpg,ref_D17_Microsoft_Lumia640LTE/outdoor,0.0370
D07_Lenovo_P70A_flat_frames_vid4_i_ref.jpg,ref_D21_Wiko_Ridge4G/outdoor,0.0155
D07_Lenovo_P70A_flat_frames_vid4_i_ref.jpg,ref_D23_Asus_Zenfone2Laser/outdoor,0.0726
D07_Lenovo_P70A_flat_frames_vid4_i_ref.jpg,ref_D24_Xiaomi_RedmiNote3/outdoor,0.0159
D07_Lenovo_P70A_flat_frames_vid4_i_ref.jpg,ref_D25_OnePlus_A3000/outdoor,0.0243
D07_Lenovo_P70A_flat_frames_vid5_i_ref.jpg,ref_D01_Samsung_GalaxyS3Mini/outdoor,0.0158
D07_Lenovo_P70A_flat_frames_vid5_i_ref.jpg,ref_D02_Apple_iPhone4s/outdoor,0.0310
D07_Lenovo_P70A_flat_frames_vid5_i_ref.jpg,ref_D03_Huawei_P9/outdoor,0.0127
D07_Lenovo_P70A_flat_frames_vid5_i_ref.jpg,ref_D04_LG_D290/outdoor,0.0144
D07_Lenovo_P70A_flat_frames_vid5_i_ref.jpg,ref_D07_Lenovo_P70A/outdoor,0.3193
D07_Lenovo_P70A_flat_frames_vid5_i_ref.jpg,ref_D12_Sony_XperiaZ1Compact/outdoor,0.0190
D07_Lenovo_P70A_flat_frames_vid5_i_ref.jpg,ref_D17_Microsoft_Lumia640LTE/outdoor,0.0230
D07_Lenovo_P70A_flat_frames_vid5_i_ref.jpg,ref_D21_Wiko_Ridge4G/outdoor,0.0209
D07_Lenovo_P70A_flat_frames_vid5_i_ref.jpg,ref_D23_Asus_Zenfone2Laser/outdoor,0.0343
D07_Lenovo_P70A_flat_frames_vid5_i_ref.jpg,ref_D24_Xiaomi_RedmiNote3/outdoor,0.0191
D07_Lenovo_P70A_flat_frames_vid5_i_ref.jpg,ref_D25_OnePlus_A3000/outdoor,0.0233
D07_Lenovo_P70A_flat_frames_vid6_i_ref.jpg,ref_D01_Samsung_GalaxyS3Mini/outdoor,0.0074
D07_Lenovo_P70A_flat_frames_vid6_i_ref.jpg,ref_D02_Apple_iPhone4s/outdoor,0.0227
D07_Lenovo_P70A_flat_frames_vid6_i_ref.jpg,ref_D03_Huawei_P9/outdoor,0.0203
D07_Lenovo_P70A_flat_frames_vid6_i_ref.jpg,ref_D04_LG_D290/outdoor,0.0058
D07_Lenovo_P70A_flat_frames_vid6_i_ref.jpg,ref_D07_Lenovo_P70A/outdoor,0.0566
D07_Lenovo_P70A_flat_frames_vid6_i_ref.jpg,ref_D12_Sony_XperiaZ1Compact/outdoor,0.0213
D07_Lenovo_P70A_flat_frames_vid6_i_ref.jpg,ref_D17_Microsoft_Lumia640LTE/outdoor,0.0227
D07_Lenovo_P70A_flat_frames_vid6_i_ref.jpg,ref_D21_Wiko_Ridge4G/outdoor,0.0244
D07_Lenovo_P70A_flat_frames_vid6_i_ref.jpg,ref_D23_Asus_Zenfone2Laser/outdoor,0.0345
D07_Lenovo_P70A_flat_frames_vid6_i_ref.jpg,ref_D24_Xiaomi_RedmiNote3/outdoor,0.0205
D07_Lenovo_P70A_flat_frames_vid6_i_ref.jpg,ref_D25_OnePlus_A3000/outdoor,0.0222
D07_Lenovo_P70A_flat_frames_vid7_i_ref.jpg,ref_D01_Samsung_GalaxyS3Mini/outdoor,0.0107
D07_Lenovo_P70A_flat_frames_vid7_i_ref.jpg,ref_D02_Apple_iPhone4s/outdoor,0.0348
D07_Lenovo_P70A_flat_frames_vid7_i_ref.jpg,ref_D03_Huawei_P9/outdoor,0.0135
D07_Lenovo_P70A_flat_frames_vid7_i_ref.jpg,ref_D04_LG_D290/outdoor,0.0210
D07_Lenovo_P70A_flat_frames_vid7_i_ref.jpg,ref_D07_Lenovo_P70A/outdoor,0.3281
D07_Lenovo_P70A_flat_frames_vid7_i_ref.jpg,ref_D12_Sony_XperiaZ1Compact/outdoor,0.0222
D07_Lenovo_P70A_flat_frames_vid7_i_ref.jpg,ref_D17_Microsoft_Lumia640LTE/outdoor,0.0330
D07_Lenovo_P70A_flat_frames_vid7_i_ref.jpg,ref_D21_Wiko_Ridge4G/outdoor,0.0174
D07_Lenovo_P70A_flat_frames_vid7_i_ref.jpg,ref_D23_Asus_Zenfone2Laser/outdoor,0.0428
D07_Lenovo_P70A_flat_frames_vid7_i_ref.jpg,ref_D24_Xiaomi_RedmiNote3/outdoor,0.0172
D07_Lenovo_P70A_flat_frames_vid7_i_ref.jpg,ref_D25_OnePlus_A3000/outdoor,0.0248
D12_Sony_XperiaZ1Compact_flat_frames_vid2_i_ref.jpg,ref_D01_Samsung_GalaxyS3Mini/outdoor,-0.0028
D12_Sony_XperiaZ1Compact_flat_frames_vid2_i_ref.jpg,ref_D02_Apple_iPhone4s/outdoor,0.7068
D12_Sony_XperiaZ1Compact_flat_frames_vid2_i_ref.jpg,ref_D03_Huawei_P9/outdoor,0.8509
D12_Sony_XperiaZ1Compact_flat_frames_vid2_i_ref.jpg,ref_D04_LG_D290/outdoor,0.0202
D12_Sony_XperiaZ1Compact_flat_frames_vid2_i_ref.jpg,ref_D07_Lenovo_P70A/outdoor,0.0205
D12_Sony_XperiaZ1Compact_flat_frames_vid2_i_ref.jpg,ref_D12_Sony_XperiaZ1Compact/outdoor,0.8281
D12_Sony_XperiaZ1Compact_flat_frames_vid2_i_ref.jpg,ref_D17_Microsoft_Lumia640LTE/outdoor,0.7488
D12_Sony_XperiaZ1Compact_flat_frames_vid2_i_ref.jpg,ref_D21_Wiko_Ridge4G/outdoor,0.8233
D12_Sony_XperiaZ1Compact_flat_frames_vid2_i_ref.jpg,ref_D23_Asus_Zenfone2Laser/outdoor,0.0262
D12_Sony_XperiaZ1Compact_flat_frames_vid2_i_ref.jpg,ref_D24_Xiaomi_RedmiNote3/outdoor,0.8609
D12_Sony_XperiaZ1Compact_flat_frames_vid2_i_ref.jpg,ref_D25_OnePlus_A3000/outdoor,0.7504
D12_Sony_XperiaZ1Compact_flat_frames_vid3_i_ref.jpg,ref_D01_Samsung_GalaxyS3Mini/outdoor,-0.0054
D12_Sony_XperiaZ1Compact_flat_frames_vid3_i_ref.jpg,ref_D02_Apple_iPhone4s/outdoor,0.6800
D12_Sony_XperiaZ1Compact_flat_frames_vid3_i_ref.jpg,ref_D03_Huawei_P9/outdoor,0.8416
D12_Sony_XperiaZ1Compact_flat_frames_vid3_i_ref.jpg,ref_D04_LG_D290/outdoor,0.0214
D12_Sony_XperiaZ1Compact_flat_frames_vid3_i_ref.jpg,ref_D07_Lenovo_P70A/outdoor,0.0148
D12_Sony_XperiaZ1Compact_flat_frames_vid3_i_ref.jpg,ref_D12_Sony_XperiaZ1Compact/outdoor,0.8226
D12_Sony_XperiaZ1Compact_flat_frames_vid3_i_ref.jpg,ref_D17_Microsoft_Lumia640LTE/outdoor,0.7317
D12_Sony_XperiaZ1Compact_flat_frames_vid3_i_ref.jpg,ref_D21_Wiko_Ridge4G/outdoor,0.8412
D12_Sony_XperiaZ1Compact_flat_frames_vid3_i_ref.jpg,ref_D23_Asus_Zenfone2Laser/outdoor,0.0169
D12_Sony_XperiaZ1Compact_flat_frames_vid3_i_ref.jpg,ref_D24_Xiaomi_RedmiNote3/outdoor,0.8597
D12_Sony_XperiaZ1Compact_flat_frames_vid3_i_ref.jpg,ref_D25_OnePlus_A3000/outdoor,0.7303
D12_Sony_XperiaZ1Compact_flat_frames_vid4_i_ref.jpg,ref_D01_Samsung_GalaxyS3Mini/outdoor,-0.0013
D12_Sony_XperiaZ1Compact_flat_frames_vid4_i_ref.jpg,ref_D02_Apple_iPhone4s/outdoor,0.7201
D12_Sony_XperiaZ1Compact_flat_frames_vid4_i_ref.jpg,ref_D03_Huawei_P9/outdoor,0.8621
D12_Sony_XperiaZ1Compact_flat_frames_vid4_i_ref.jpg,ref_D04_LG_D290/outdoor,0.0222
D12_Sony_XperiaZ1Compact_flat_frames_vid4_i_ref.jpg,ref_D07_Lenovo_P70A/outdoor,0.0240
D12_Sony_XperiaZ1Compact_flat_frames_vid4_i_ref.jpg,ref_D12_Sony_XperiaZ1Compact/outdoor,0.8452
D12_Sony_XperiaZ1Compact_flat_frames_vid4_i_ref.jpg,ref_D17_Microsoft_Lumia640LTE/outdoor,0.7633
D12_Sony_XperiaZ1Compact_flat_frames_vid4_i_ref.jpg,ref_D21_Wiko_Ridge4G/outdoor,0.8268
D12_Sony_XperiaZ1Compact_flat_frames_vid4_i_ref.jpg,ref_D23_Asus_Zenfone2Laser/outdoor,0.0308
D12_Sony_XperiaZ1Compact_flat_frames_vid4_i_ref.jpg,ref_D24_Xiaomi_RedmiNote3/outdoor,0.8581
D12_Sony_XperiaZ1Compact_flat_frames_vid4_i_ref.jpg,ref_D25_OnePlus_A3000/outdoor,0.7598
D12_Sony_XperiaZ1Compact_flat_frames_vid5_i_ref.jpg,ref_D01_Samsung_GalaxyS3Mini/outdoor,-0.0014
D12_Sony_XperiaZ1Compact_flat_frames_vid5_i_ref.jpg,ref_D02_Apple_iPhone4s/outdoor,0.7229
D12_Sony_XperiaZ1Compact_flat_frames_vid5_i_ref.jpg,ref_D03_Huawei_P9/outdoor,0.8571
D12_Sony_XperiaZ1Compact_flat_frames_vid5_i_ref.jpg,ref_D04_LG_D290/outdoor,0.0224
D12_Sony_XperiaZ1Compact_flat_frames_vid5_i_ref.jpg,ref_D07_Lenovo_P70A/outdoor,0.0231
D12_Sony_XperiaZ1Compact_flat_frames_vid5_i_ref.jpg,ref_D12_Sony_XperiaZ1Compact/outdoor,0.8366
D12_Sony_XperiaZ1Compact_flat_frames_vid5_i_ref.jpg,ref_D17_Microsoft_Lumia640LTE/outdoor,0.7615
D12_Sony_XperiaZ1Compact_flat_frames_vid5_i_ref.jpg,ref_D21_Wiko_Ridge4G/outdoor,0.8348
D12_Sony_XperiaZ1Compact_flat_frames_vid5_i_ref.jpg,ref_D23_Asus_Zenfone2Laser/outdoor,0.0335
D12_Sony_XperiaZ1Compact_flat_frames_vid5_i_ref.jpg,ref_D24_Xiaomi_RedmiNote3/outdoor,0.8540
D12_Sony_XperiaZ1Compact_flat_frames_vid5_i_ref.jpg,ref_D25_OnePlus_A3000/outdoor,0.7636
D12_Sony_XperiaZ1Compact_flat_frames_vid6_i_ref.jpg,ref_D01_Samsung_GalaxyS3Mini/outdoor,0.0019
D12_Sony_XperiaZ1Compact_flat_frames_vid6_i_ref.jpg,ref_D02_Apple_iPhone4s/outdoor,0.8440
D12_Sony_XperiaZ1Compact_flat_frames_vid6_i_ref.jpg,ref_D03_Huawei_P9/outdoor,0.7513
D12_Sony_XperiaZ1Compact_flat_frames_vid6_i_ref.jpg,ref_D04_LG_D290/outdoor,0.0189
D12_Sony_XperiaZ1Compact_flat_frames_vid6_i_ref.jpg,ref_D07_Lenovo_P70A/outdoor,0.0451
D12_Sony_XperiaZ1Compact_flat_frames_vid6_i_ref.jpg,ref_D12_Sony_XperiaZ1Compact/outdoor,0.8087
D12_Sony_XperiaZ1Compact_flat_frames_vid6_i_ref.jpg,ref_D17_Microsoft_Lumia640LTE/outdoor,0.8406
D12_Sony_XperiaZ1Compact_flat_frames_vid6_i_ref.jpg,ref_D21_Wiko_Ridge4G/outdoor,0.6835
D12_Sony_XperiaZ1Compact_flat_frames_vid6_i_ref.jpg,ref_D23_Asus_Zenfone2Laser/outdoor,0.0282
D12_Sony_XperiaZ1Compact_flat_frames_vid6_i_ref.jpg,ref_D24_Xiaomi_RedmiNote3/outdoor,0.6845
D12_Sony_XperiaZ1Compact_flat_frames_vid6_i_ref.jpg,ref_D25_OnePlus_A3000/outdoor,0.8347
D12_Sony_XperiaZ1Compact_flat_frames_vid7_i_ref.jpg,ref_D01_Samsung_GalaxyS3Mini/outdoor,-0.0029
D12_Sony_XperiaZ1Compact_flat_frames_vid7_i_ref.jpg,ref_D02_Apple_iPhone4s/outdoor,0.6218
D12_Sony_XperiaZ1Compact_flat_frames_vid7_i_ref.jpg,ref_D03_Huawei_P9/outdoor,0.7910
D12_Sony_XperiaZ1Compact_flat_frames_vid7_i_ref.jpg,ref_D04_LG_D290/outdoor,0.0201
D12_Sony_XperiaZ1Compact_flat_frames_vid7_i_ref.jpg,ref_D07_Lenovo_P70A/outdoor,0.0048
D12_Sony_XperiaZ1Compact_flat_frames_vid7_i_ref.jpg,ref_D12_Sony_XperiaZ1Compact/outdoor,0.7618
D12_Sony_XperiaZ1Compact_flat_frames_vid7_i_ref.jpg,ref_D17_Microsoft_Lumia640LTE/outdoor,0.6779
D12_Sony_XperiaZ1Compact_flat_frames_vid7_i_ref.jpg,ref_D21_Wiko_Ridge4G/outdoor,0.8077
D12_Sony_XperiaZ1Compact_flat_frames_vid7_i_ref.jpg,ref_D23_Asus_Zenfone2Laser/outdoor,0.0184
D12_Sony_XperiaZ1Compact_flat_frames_vid7_i_ref.jpg,ref_D24_Xiaomi_RedmiNote3/outdoor,0.8221
D12_Sony_XperiaZ1Compact_flat_frames_vid7_i_ref.jpg,ref_D25_OnePlus_A3000/outdoor,0.6820
D17_Microsoft_Lumia640LTE_flat_frames_vid2_i_ref.jpg,ref_D01_Samsung_GalaxyS3Mini/outdoor,-0.0034
D17_Microsoft_Lumia640LTE_flat_frames_vid2_i_ref.jpg,ref_D02_Apple_iPhone4s/outdoor,0.6643
D17_Microsoft_Lumia640LTE_flat_frames_vid2_i_ref.jpg,ref_D03_Huawei_P9/outdoor,0.8166
D17_Microsoft_Lumia640LTE_flat_frames_vid2_i_ref.jpg,ref_D04_LG_D290/outdoor,0.0207
D17_Microsoft_Lumia640LTE_flat_frames_vid2_i_ref.jpg,ref_D07_Lenovo_P70A/outdoor,0.0153
D17_Microsoft_Lumia640LTE_flat_frames_vid2_i_ref.jpg,ref_D12_Sony_XperiaZ1Compact/outdoor,0.7879
D17_Microsoft_Lumia640LTE_flat_frames_vid2_i_ref.jpg,ref_D17_Microsoft_Lumia640LTE/outdoor,0.7070
D17_Microsoft_Lumia640LTE_flat_frames_vid2_i_ref.jpg,ref_D21_Wiko_Ridge4G/outdoor,0.8166
D17_Microsoft_Lumia640LTE_flat_frames_vid2_i_ref.jpg,ref_D23_Asus_Zenfone2Laser/outdoor,0.0233
D17_Microsoft_Lumia640LTE_flat_frames_vid2_i_ref.jpg,ref_D24_Xiaomi_RedmiNote3/outdoor,0.8404
D17_Microsoft_Lumia640LTE_flat_frames_vid2_i_ref.jpg,ref_D25_OnePlus_A3000/outdoor,0.7155
D17_Microsoft_Lumia640LTE_flat_frames_vid3_i_ref.jpg,ref_D01_Samsung_GalaxyS3Mini/outdoor,-0.0001
D17_Microsoft_Lumia640LTE_flat_frames_vid3_i_ref.jpg,ref_D02_Apple_iPhone4s/outdoor,0.7215
D17_Microsoft_Lumia640LTE_flat_frames_vid3_i_ref.jpg,ref_D03_Huawei_P9/outdoor,0.8277
D17_Microsoft_Lumia640LTE_flat_frames_vid3_i_ref.jpg,ref_D04_LG_D290/outdoor,0.0257
D17_Microsoft_Lumia640LTE_flat_frames_vid3_i_ref.jpg,ref_D07_Lenovo_P70A/outdoor,0.0159
D17_Microsoft_Lumia640LTE_flat_frames_vid3_i_ref.jpg,ref_D12_Sony_XperiaZ1Compact/outdoor,0.8142
D17_Microsoft_Lumia640LTE_flat_frames_vid3_i_ref.jpg,ref_D17_Microsoft_Lumia640LTE/outdoor,0.7583
D17_Microsoft_Lumia640LTE_flat_frames_vid3_i_ref.jpg,ref_D21_Wiko_Ridge4G/outdoor,0.7870
D17_Microsoft_Lumia640LTE_flat_frames_vid3_i_ref.jpg,ref_D23_Asus_Zenfone2Laser/outdoor,0.0559
D17_Microsoft_Lumia640LTE_flat_frames_vid3_i_ref.jpg,ref_D24_Xiaomi_RedmiNote3/outdoor,0.8166
D17_Microsoft_Lumia640LTE_flat_frames_vid3_i_ref.jpg,ref_D25_OnePlus_A3000/outdoor,0.7543
D17_Microsoft_Lumia640LTE_flat_frames_vid4_i_ref.jpg,ref_D01_Samsung_GalaxyS3Mini/outdoor,-0.0020
D17_Microsoft_Lumia640LTE_flat_frames_vid4_i_ref.jpg,ref_D02_Apple_iPhone4s/outdoor,0.6617
D17_Microsoft_Lumia640LTE_flat_frames_vid4_i_ref.jpg,ref_D03_Huawei_P9/outdoor,0.7944
D17_Microsoft_Lumia640LTE_flat_frames_vid4_i_ref.jpg,ref_D04_LG_D290/outdoor,0.0190
D17_Microsoft_Lumia640LTE_flat_frames_vid4_i_ref.jpg,ref_D07_Lenovo_P70A/outdoor,0.0126
D17_Microsoft_Lumia640LTE_flat_frames_vid4_i_ref.jpg,ref_D12_Sony_XperiaZ1Compact/outdoor,0.7730
D17_Microsoft_Lumia640LTE_flat_frames_vid4_i_ref.jpg,ref_D17_Microsoft_Lumia640LTE/outdoor,0.7207
D17_Microsoft_Lumia640LTE_flat_frames_vid4_i_ref.jpg,ref_D21_Wiko_Ridge4G/outdoor,0.7733
D17_Microsoft_Lumia640LTE_flat_frames_vid4_i_ref.jpg,ref_D23_Asus_Zenfone2Laser/outdoor,0.0358
D17_Microsoft_Lumia640LTE_flat_frames_vid4_i_ref.jpg,ref_D24_Xiaomi_RedmiNote3/outdoor,0.8089
D17_Microsoft_Lumia640LTE_flat_frames_vid4_i_ref.jpg,ref_D25_OnePlus_A3000/outdoor,0.7065
D21_Wiko_Ridge4G_flat_frames_vid2_i_ref.jpg,ref_D01_Samsung_GalaxyS3Mini/outdoor,0.0009
D21_Wiko_Ridge4G_flat_frames_vid2_i_ref.jpg,ref_D02_Apple_iPhone4s/outdoor,0.8690
D21_Wiko_Ridge4G_flat_frames_vid2_i_ref.jpg,ref_D03_Huawei_P9/outdoor,0.8167
D21_Wiko_Ridge4G_flat_frames_vid2_i_ref.jpg,ref_D04_LG_D290/outdoor,0.0164
D21_Wiko_Ridge4G_flat_frames_vid2_i_ref.jpg,ref_D07_Lenovo_P70A/outdoor,0.0311
D21_Wiko_Ridge4G_flat_frames_vid2_i_ref.jpg,ref_D12_Sony_XperiaZ1Compact/outdoor,0.8739
D21_Wiko_Ridge4G_flat_frames_vid2_i_ref.jpg,ref_D17_Microsoft_Lumia640LTE/outdoor,0.9058
D21_Wiko_Ridge4G_flat_frames_vid2_i_ref.jpg,ref_D21_Wiko_Ridge4G/outdoor,0.7384
D21_Wiko_Ridge4G_flat_frames_vid2_i_ref.jpg,ref_D23_Asus_Zenfone2Laser/outdoor,0.0289
D21_Wiko_Ridge4G_flat_frames_vid2_i_ref.jpg,ref_D24_Xiaomi_RedmiNote3/outdoor,0.7455
D21_Wiko_Ridge4G_flat_frames_vid2_i_ref.jpg,ref_D25_OnePlus_A3000/outdoor,0.8876
D21_Wiko_Ridge4G_flat_frames_vid3_i_ref.jpg,ref_D01_Samsung_GalaxyS3Mini/outdoor,0.0005
D21_Wiko_Ridge4G_flat_frames_vid3_i_ref.jpg,ref_D02_Apple_iPhone4s/outdoor,0.8326
D21_Wiko_Ridge4G_flat_frames_vid3_i_ref.jpg,ref_D03_Huawei_P9/outdoor,0.8263
D21_Wiko_Ridge4G_flat_frames_vid3_i_ref.jpg,ref_D04_LG_D290/outdoor,0.0184
D21_Wiko_Ridge4G_flat_frames_vid3_i_ref.jpg,ref_D07_Lenovo_P70A/outdoor,0.0168
D21_Wiko_Ridge4G_flat_frames_vid3_i_ref.jpg,ref_D12_Sony_XperiaZ1Compact/outdoor,0.8488
D21_Wiko_Ridge4G_flat_frames_vid3_i_ref.jpg,ref_D17_Microsoft_Lumia640LTE/outdoor,0.8699
D21_Wiko_Ridge4G_flat_frames_vid3_i_ref.jpg,ref_D21_Wiko_Ridge4G/outdoor,0.7576
D21_Wiko_Ridge4G_flat_frames_vid3_i_ref.jpg,ref_D23_Asus_Zenfone2Laser/outdoor,0.0372
D21_Wiko_Ridge4G_flat_frames_vid3_i_ref.jpg,ref_D24_Xiaomi_RedmiNote3/outdoor,0.7681
D21_Wiko_Ridge4G_flat_frames_vid3_i_ref.jpg,ref_D25_OnePlus_A3000/outdoor,0.8558
D21_Wiko_Ridge4G_flat_frames_vid4_i_ref.jpg,ref_D01_Samsung_GalaxyS3Mini/outdoor,0.0011
D21_Wiko_Ridge4G_flat_frames_vid4_i_ref.jpg,ref_D02_Apple_iPhone4s/outdoor,0.8854
D21_Wiko_Ridge4G_flat_frames_vid4_i_ref.jpg,ref_D03_Huawei_P9/outdoor,0.7550
D21_Wiko_Ridge4G_flat_frames_vid4_i_ref.jpg,ref_D04_LG_D290/outdoor,0.0156
D21_Wiko_Ridge4G_flat_frames_vid4_i_ref.jpg,ref_D07_Lenovo_P70A/outdoor,0.0433
D21_Wiko_Ridge4G_flat_frames_vid4_i_ref.jpg,ref_D12_Sony_XperiaZ1Compact/outdoor,0.8219
D21_Wiko_Ridge4G_flat_frames_vid4_i_ref.jpg,ref_D17_Microsoft_Lumia640LTE/outdoor,0.8902
D21_Wiko_Ridge4G_flat_frames_vid4_i_ref.jpg,ref_D21_Wiko_Ridge4G/outdoor,0.6880
D21_Wiko_Ridge4G_flat_frames_vid4_i_ref.jpg,ref_D23_Asus_Zenfone2Laser/outdoor,0.0144
D21_Wiko_Ridge4G_flat_frames_vid4_i_ref.jpg,ref_D24_Xiaomi_RedmiNote3/outdoor,0.6794
D21_Wiko_Ridge4G_flat_frames_vid4_i_ref.jpg,ref_D25_OnePlus_A3000/outdoor,0.8699
D23_Asus_Zenfone2Laser_flat_frames_vid2_i_ref.jpg,ref_D01_Samsung_GalaxyS3Mini/outdoor,0.0044
D23_Asus_Zenfone2Laser_flat_frames_vid2_i_ref.jpg,ref_D02_Apple_iPhone4s/outdoor,0.0362
D23_Asus_Zenfone2Laser_flat_frames_vid2_i_ref.jpg,ref_D03_Huawei_P9/outdoor,0.0389
D23_Asus_Zenfone2Laser_flat_frames_vid2_i_ref.jpg,ref_D04_LG_D290/outdoor,0.0161
D23_Asus_Zenfone2Laser_flat_frames_vid2_i_ref.jpg,ref_D07_Lenovo_P70A/outdoor,0.0305
D23_Asus_Zenfone2Laser_flat_frames_vid2_i_ref.jpg,ref_D12_Sony_XperiaZ1Compact/outdoor,0.0365
D23_Asus_Zenfone2Laser_flat_frames_vid2_i_ref.jpg,ref_D17_Microsoft_Lumia640LTE/outdoor,0.0255
D23_Asus_Zenfone2Laser_flat_frames_vid2_i_ref.jpg,ref_D21_Wiko_Ridge4G/outdoor,0.0133
D23_Asus_Zenfone2Laser_flat_frames_vid2_i_ref.jpg,ref_D23_Asus_Zenfone2Laser/outdoor,-0.1745
D23_Asus_Zenfone2Laser_flat_frames_vid2_i_ref.jpg,ref_D24_Xiaomi_RedmiNote3/outdoor,0.0301
D23_Asus_Zenfone2Laser_flat_frames_vid2_i_ref.jpg,ref_D25_OnePlus_A3000/outdoor,0.0269
D23_Asus_Zenfone2Laser_flat_frames_vid3_i_ref.jpg,ref_D01_Samsung_GalaxyS3Mini/outdoor,-0.0024
D23_Asus_Zenfone2Laser_flat_frames_vid3_i_ref.jpg,ref_D02_Apple_iPhone4s/outdoor,-0.0100
D23_Asus_Zenfone2Laser_flat_frames_vid3_i_ref.jpg,ref_D03_Huawei_P9/outdoor,-0.0324
D23_Asus_Zenfone2Laser_flat_frames_vid3_i_ref.jpg,ref_D04_LG_D290/outdoor,0.0072
D23_Asus_Zenfone2Laser_flat_frames_vid3_i_ref.jpg,ref_D07_Lenovo_P70A/outdoor,-0.0392
D23_Asus_Zenfone2Laser_flat_frames_vid3_i_ref.jpg,ref_D12_Sony_XperiaZ1Compact/outdoor,-0.0239
D23_Asus_Zenfone2Laser_flat_frames_vid3_i_ref.jpg,ref_D17_Microsoft_Lumia640LTE/outdoor,-0.0180
D23_Asus_Zenfone2Laser_flat_frames_vid3_i_ref.jpg,ref_D21_Wiko_Ridge4G/outdoor,-0.0261
D23_Asus_Zenfone2Laser_flat_frames_vid3_i_ref.jpg,ref_D23_Asus_Zenfone2Laser/outdoor,-0.2020
D23_Asus_Zenfone2Laser_flat_frames_vid3_i_ref.jpg,ref_D24_Xiaomi_RedmiNote3/outdoor,-0.0310
D23_Asus_Zenfone2Laser_flat_frames_vid3_i_ref.jpg,ref_D25_OnePlus_A3000/outdoor,-0.0130
D23_Asus_Zenfone2Laser_flat_frames_vid4_i_ref.jpg,ref_D01_Samsung_GalaxyS3Mini/outdoor,0.0208
D23_Asus_Zenfone2Laser_flat_frames_vid4_i_ref.jpg,ref_D02_Apple_iPhone4s/outdoor,0.0111
D23_Asus_Zenfone2Laser_flat_frames_vid4_i_ref.jpg,ref_D03_Huawei_P9/outdoor,0.0410
D23_Asus_Zenfone2Laser_flat_frames_vid4_i_ref.jpg,ref_D04_LG_D290/outdoor,-0.0261
D23_Asus_Zenfone2Laser_flat_frames_vid4_i_ref.jpg,ref_D07_Lenovo_P70A/outdoor,0.0939
D23_Asus_Zenfone2Laser_flat_frames_vid4_i_ref.jpg,ref_D12_Sony_XperiaZ1Compact/outdoor,0.0296
D23_Asus_Zenfone2Laser_flat_frames_vid4_i_ref.jpg,ref_D17_Microsoft_Lumia640LTE/outdoor,0.0182
D23_Asus_Zenfone2Laser_flat_frames_vid4_i_ref.jpg,ref_D21_Wiko_Ridge4G/outdoor,0.0374
D23_Asus_Zenfone2Laser_flat_frames_vid4_i_ref.jpg,ref_D23_Asus_Zenfone2Laser/outdoor,0.1543
D23_Asus_Zenfone2Laser_flat_frames_vid4_i_ref.jpg,ref_D24_Xiaomi_RedmiNote3/outdoor,0.0414
D23_Asus_Zenfone2Laser_flat_frames_vid4_i_ref.jpg,ref_D25_OnePlus_A3000/outdoor,0.0165
D23_Asus_Zenfone2Laser_flat_frames_vid5_i_ref.jpg,ref_D01_Samsung_GalaxyS3Mini/outdoor,0.0173
D23_Asus_Zenfone2Laser_flat_frames_vid5_i_ref.jpg,ref_D02_Apple_iPhone4s/outdoor,0.0438
D23_Asus_Zenfone2Laser_flat_frames_vid5_i_ref.jpg,ref_D03_Huawei_P9/outdoor,0.1017
D23_Asus_Zenfone2Laser_flat_frames_vid5_i_ref.jpg,ref_D04_LG_D290/outdoor,-0.0242
D23_Asus_Zenfone2Laser_flat_frames_vid5_i_ref.jpg,ref_D07_Lenovo_P70A/outdoor,0.1234
D23_Asus_Zenfone2Laser_flat_frames_vid5_i_ref.jpg,ref_D12_Sony_XperiaZ1Compact/outdoor,0.0835
D23_Asus_Zenfone2Laser_flat_frames_vid5_i_ref.jpg,ref_D17_Microsoft_Lumia640LTE/outdoor,0.0558
D23_Asus_Zenfone2Laser_flat_frames_vid5_i_ref.jpg,ref_D21_Wiko_Ridge4G/outdoor,0.0814
D23_Asus_Zenfone2Laser_flat_frames_vid5_i_ref.jpg,ref_D23_Asus_Zenfone2Laser/outdoor,0.2138
D23_Asus_Zenfone2Laser_flat_frames_vid5_i_ref.jpg,ref_D24_Xiaomi_RedmiNote3/outdoor,0.0932
D23_Asus_Zenfone2Laser_flat_frames_vid5_i_ref.jpg,ref_D25_OnePlus_A3000/outdoor,0.0512
D23_Asus_Zenfone2Laser_flat_frames_vid6_i_ref.jpg,ref_D01_Samsung_GalaxyS3Mini/outdoor,0.0032
D23_Asus_Zenfone2Laser_flat_frames_vid6_i_ref.jpg,ref_D02_Apple_iPhone4s/outdoor,0.0282
D23_Asus_Zenfone2Laser_flat_frames_vid6_i_ref.jpg,ref_D03_Huawei_P9/outdoor,0.0331
D23_Asus_Zenfone2Laser_flat_frames_vid6_i_ref.jpg,ref_D04_LG_D290/outdoor,-0.0482
D23_Asus_Zenfone2Laser_flat_frames_vid6_i_ref.jpg,ref_D07_Lenovo_P70A/outdoor,0.0205
D23_Asus_Zenfone2Laser_flat_frames_vid6_i_ref.jpg,ref_D12_Sony_XperiaZ1Compact/outdoor,0.0320
D23_Asus_Zenfone2Laser_flat_frames_vid6_i_ref.jpg,ref_D17_Microsoft_Lumia640LTE/outdoor,0.0276
D23_Asus_Zenfone2Laser_flat_frames_vid6_i_ref.jpg,ref_D21_Wiko_Ridge4G/outdoor,0.0366
D23_Asus_Zenfone2Laser_flat_frames_vid6_i_ref.jpg,ref_D23_Asus_Zenfone2Laser/outdoor,-0.1558
D23_Asus_Zenfone2Laser_flat_frames_vid6_i_ref.jpg,ref_D24_Xiaomi_RedmiNote3/outdoor,0.0386
D23_Asus_Zenfone2Laser_flat_frames_vid6_i_ref.jpg,ref_D25_OnePlus_A3000/outdoor,0.0261
D23_Asus_Zenfone2Laser_flat_frames_vid7_i_ref.jpg,ref_D01_Samsung_GalaxyS3Mini/outdoor,-0.0024
D23_Asus_Zenfone2Laser_flat_frames_vid7_i_ref.jpg,ref_D02_Apple_iPhone4s/outdoor,-0.0100
D23_Asus_Zenfone2Laser_flat_frames_vid7_i_ref.jpg,ref_D03_Huawei_P9/outdoor,-0.0324
D23_Asus_Zenfone2Laser_flat_frames_vid7_i_ref.jpg,ref_D04_LG_D290/outdoor,0.0072
D23_Asus_Zenfone2Laser_flat_frames_vid7_i_ref.jpg,ref_D07_Lenovo_P70A/outdoor,-0.0392
D23_Asus_Zenfone2Laser_flat_frames_vid7_i_ref.jpg,ref_D12_Sony_XperiaZ1Compact/outdoor,-0.0239
D23_Asus_Zenfone2Laser_flat_frames_vid7_i_ref.jpg,ref_D17_Microsoft_Lumia640LTE/outdoor,-0.0180
D23_Asus_Zenfone2Laser_flat_frames_vid7_i_ref.jpg,ref_D21_Wiko_Ridge4G/outdoor,-0.0261
D23_Asus_Zenfone2Laser_flat_frames_vid7_i_ref.jpg,ref_D23_Asus_Zenfone2Laser/outdoor,-0.2020
D23_Asus_Zenfone2Laser_flat_frames_vid7_i_ref.jpg,ref_D24_Xiaomi_RedmiNote3/outdoor,-0.0310
D23_Asus_Zenfone2Laser_flat_frames_vid7_i_ref.jpg,ref_D25_OnePlus_A3000/outdoor,-0.0130
D24_Xiaomi_RedmiNote3_flat_frames_vid2_i_ref.jpg,ref_D01_Samsung_GalaxyS3Mini/outdoor,-0.0000
D24_Xiaomi_RedmiNote3_flat_frames_vid2_i_ref.jpg,ref_D02_Apple_iPhone4s/outdoor,0.8020
D24_Xiaomi_RedmiNote3_flat_frames_vid2_i_ref.jpg,ref_D03_Huawei_P9/outdoor,0.8626
D24_Xiaomi_RedmiNote3_flat_frames_vid2_i_ref.jpg,ref_D04_LG_D290/outdoor,0.0218
D24_Xiaomi_RedmiNote3_flat_frames_vid2_i_ref.jpg,ref_D07_Lenovo_P70A/outdoor,0.0238
D24_Xiaomi_RedmiNote3_flat_frames_vid2_i_ref.jpg,ref_D12_Sony_XperiaZ1Compact/outdoor,0.8966
D24_Xiaomi_RedmiNote3_flat_frames_vid2_i_ref.jpg,ref_D17_Microsoft_Lumia640LTE/outdoor,0.8433
D24_Xiaomi_RedmiNote3_flat_frames_vid2_i_ref.jpg,ref_D21_Wiko_Ridge4G/outdoor,0.7726
D24_Xiaomi_RedmiNote3_flat_frames_vid2_i_ref.jpg,ref_D23_Asus_Zenfone2Laser/outdoor,0.0503
D24_Xiaomi_RedmiNote3_flat_frames_vid2_i_ref.jpg,ref_D24_Xiaomi_RedmiNote3/outdoor,0.7989
D24_Xiaomi_RedmiNote3_flat_frames_vid2_i_ref.jpg,ref_D25_OnePlus_A3000/outdoor,0.8320
D24_Xiaomi_RedmiNote3_flat_frames_vid3_i_ref.jpg,ref_D01_Samsung_GalaxyS3Mini/outdoor,-0.0044
D24_Xiaomi_RedmiNote3_flat_frames_vid3_i_ref.jpg,ref_D02_Apple_iPhone4s/outdoor,0.7160
D24_Xiaomi_RedmiNote3_flat_frames_vid3_i_ref.jpg,ref_D03_Huawei_P9/outdoor,0.8509
D24_Xiaomi_RedmiNote3_flat_frames_vid3_i_ref.jpg,ref_D04_LG_D290/outdoor,0.0192
D24_Xiaomi_RedmiNote3_flat_frames_vid3_i_ref.jpg,ref_D07_Lenovo_P70A/outdoor,0.0216
D24_Xiaomi_RedmiNote3_flat_frames_vid3_i_ref.jpg,ref_D12_Sony_XperiaZ1Compact/outdoor,0.8369
D24_Xiaomi_RedmiNote3_flat_frames_vid3_i_ref.jpg,ref_D17_Microsoft_Lumia640LTE/outdoor,0.7568
D24_Xiaomi_RedmiNote3_flat_frames_vid3_i_ref.jpg,ref_D21_Wiko_Ridge4G/outdoor,0.8119
D24_Xiaomi_RedmiNote3_flat_frames_vid3_i_ref.jpg,ref_D23_Asus_Zenfone2Laser/outdoor,0.0329
D24_Xiaomi_RedmiNote3_flat_frames_vid3_i_ref.jpg,ref_D24_Xiaomi_RedmiNote3/outdoor,0.8442
D24_Xiaomi_RedmiNote3_flat_frames_vid3_i_ref.jpg,ref_D25_OnePlus_A3000/outdoor,0.7610
D24_Xiaomi_RedmiNote3_flat_frames_vid4_i_ref.jpg,ref_D01_Samsung_GalaxyS3Mini/outdoor,-0.0052
D24_Xiaomi_RedmiNote3_flat_frames_vid4_i_ref.jpg,ref_D02_Apple_iPhone4s/outdoor,0.7432
D24_Xiaomi_RedmiNote3_flat_frames_vid4_i_ref.jpg,ref_D03_Huawei_P9/outdoor,0.8668
D24_Xiaomi_RedmiNote3_flat_frames_vid4_i_ref.jpg,ref_D04_LG_D290/outdoor,0.0217
D24_Xiaomi_RedmiNote3_flat_frames_vid4_i_ref.jpg,ref_D07_Lenovo_P70A/outdoor,0.0175
D24_Xiaomi_RedmiNote3_flat_frames_vid4_i_ref.jpg,ref_D12_Sony_XperiaZ1Compact/outdoor,0.8570
D24_Xiaomi_RedmiNote3_flat_frames_vid4_i_ref.jpg,ref_D17_Microsoft_Lumia640LTE/outdoor,0.7854
D24_Xiaomi_RedmiNote3_flat_frames_vid4_i_ref.jpg,ref_D21_Wiko_Ridge4G/outdoor,0.8051
D24_Xiaomi_RedmiNote3_flat_frames_vid4_i_ref.jpg,ref_D23_Asus_Zenfone2Laser/outdoor,0.0513
D24_Xiaomi_RedmiNote3_flat_frames_vid4_i_ref.jpg,ref_D24_Xiaomi_RedmiNote3/outdoor,0.8446
D24_Xiaomi_RedmiNote3_flat_frames_vid4_i_ref.jpg,ref_D25_OnePlus_A3000/outdoor,0.7847
D24_Xiaomi_RedmiNote3_flat_frames_vid5_i_ref.jpg,ref_D01_Samsung_GalaxyS3Mini/outdoor,-0.0051
D24_Xiaomi_RedmiNote3_flat_frames_vid5_i_ref.jpg,ref_D02_Apple_iPhone4s/outdoor,0.7437
D24_Xiaomi_RedmiNote3_flat_frames_vid5_i_ref.jpg,ref_D03_Huawei_P9/outdoor,0.8691
D24_Xiaomi_RedmiNote3_flat_frames_vid5_i_ref.jpg,ref_D04_LG_D290/outdoor,0.0219
D24_Xiaomi_RedmiNote3_flat_frames_vid5_i_ref.jpg,ref_D07_Lenovo_P70A/outdoor,0.0172
D24_Xiaomi_RedmiNote3_flat_frames_vid5_i_ref.jpg,ref_D12_Sony_XperiaZ1Compact/outdoor,0.8587
D24_Xiaomi_RedmiNote3_flat_frames_vid5_i_ref.jpg,ref_D17_Microsoft_Lumia640LTE/outdoor,0.7867
D24_Xiaomi_RedmiNote3_flat_frames_vid5_i_ref.jpg,ref_D21_Wiko_Ridge4G/outdoor,0.8060
D24_Xiaomi_RedmiNote3_flat_frames_vid5_i_ref.jpg,ref_D23_Asus_Zenfone2Laser/outdoor,0.0514
D24_Xiaomi_RedmiNote3_flat_frames_vid5_i_ref.jpg,ref_D24_Xiaomi_RedmiNote3/outdoor,0.8461
D24_Xiaomi_RedmiNote3_flat_frames_vid5_i_ref.jpg,ref_D25_OnePlus_A3000/outdoor,0.7860
D24_Xiaomi_RedmiNote3_flat_frames_vid6_i_ref.jpg,ref_D01_Samsung_GalaxyS3Mini/outdoor,-0.0044
D24_Xiaomi_RedmiNote3_flat_frames_vid6_i_ref.jpg,ref_D02_Apple_iPhone4s/outdoor,0.7160
D24_Xiaomi_RedmiNote3_flat_frames_vid6_i_ref.jpg,ref_D03_Huawei_P9/outdoor,0.8509
D24_Xiaomi_RedmiNote3_flat_frames_vid6_i_ref.jpg,ref_D04_LG_D290/outdoor,0.0192
D24_Xiaomi_RedmiNote3_flat_frames_vid6_i_ref.jpg,ref_D07_Lenovo_P70A/outdoor,0.0216
D24_Xiaomi_RedmiNote3_flat_frames_vid6_i_ref.jpg,ref_D12_Sony_XperiaZ1Compact/outdoor,0.8369
D24_Xiaomi_RedmiNote3_flat_frames_vid6_i_ref.jpg,ref_D17_Microsoft_Lumia640LTE/outdoor,0.7568
D24_Xiaomi_RedmiNote3_flat_frames_vid6_i_ref.jpg,ref_D21_Wiko_Ridge4G/outdoor,0.8119
D24_Xiaomi_RedmiNote3_flat_frames_vid6_i_ref.jpg,ref_D23_Asus_Zenfone2Laser/outdoor,0.0329
D24_Xiaomi_RedmiNote3_flat_frames_vid6_i_ref.jpg,ref_D24_Xiaomi_RedmiNote3/outdoor,0.8442
D24_Xiaomi_RedmiNote3_flat_frames_vid6_i_ref.jpg,ref_D25_OnePlus_A3000/outdoor,0.7610
D24_Xiaomi_RedmiNote3_flat_frames_vid7_i_ref.jpg,ref_D01_Samsung_GalaxyS3Mini/outdoor,-0.0049
D24_Xiaomi_RedmiNote3_flat_frames_vid7_i_ref.jpg,ref_D02_Apple_iPhone4s/outdoor,0.7345
D24_Xiaomi_RedmiNote3_flat_frames_vid7_i_ref.jpg,ref_D03_Huawei_P9/outdoor,0.8634
D24_Xiaomi_RedmiNote3_flat_frames_vid7_i_ref.jpg,ref_D04_LG_D290/outdoor,0.0217
D24_Xiaomi_RedmiNote3_flat_frames_vid7_i_ref.jpg,ref_D07_Lenovo_P70A/outdoor,0.0148
D24_Xiaomi_RedmiNote3_flat_frames_vid7_i_ref.jpg,ref_D12_Sony_XperiaZ1Compact/outdoor,0.8542
D24_Xiaomi_RedmiNote3_flat_frames_vid7_i_ref.jpg,ref_D17_Microsoft_Lumia640LTE/outdoor,0.7777
D24_Xiaomi_RedmiNote3_flat_frames_vid7_i_ref.jpg,ref_D21_Wiko_Ridge4G/outdoor,0.8019
D24_Xiaomi_RedmiNote3_flat_frames_vid7_i_ref.jpg,ref_D23_Asus_Zenfone2Laser/outdoor,0.0487
D24_Xiaomi_RedmiNote3_flat_frames_vid7_i_ref.jpg,ref_D24_Xiaomi_RedmiNote3/outdoor,0.8417
D24_Xiaomi_RedmiNote3_flat_frames_vid7_i_ref.jpg,ref_D25_OnePlus_A3000/outdoor,0.7795
D25_OnePlus_A3000_flat_frames_vid2_i_ref.jpg,ref_D01_Samsung_GalaxyS3Mini/outdoor,-0.0002
D25_OnePlus_A3000_flat_frames_vid2_i_ref.jpg,ref_D02_Apple_iPhone4s/outdoor,0.6929
D25_OnePlus_A3000_flat_frames_vid2_i_ref.jpg,ref_D03_Huawei_P9/outdoor,0.8489
D25_OnePlus_A3000_flat_frames_vid2_i_ref.jpg,ref_D04_LG_D290/outdoor,0.0207
D25_OnePlus_A3000_flat_frames_vid2_i_ref.jpg,ref_D07_Lenovo_P70A/outdoor,0.0213
D25_OnePlus_A3000_flat_frames_vid2_i_ref.jpg,ref_D12_Sony_XperiaZ1Compact/outdoor,0.8390
D25_OnePlus_A3000_flat_frames_vid2_i_ref.jpg,ref_D17_Microsoft_Lumia640LTE/outdoor,0.7406
D25_OnePlus_A3000_flat_frames_vid2_i_ref.jpg,ref_D21_Wiko_Ridge4G/outdoor,0.8164
D25_OnePlus_A3000_flat_frames_vid2_i_ref.jpg,ref_D23_Asus_Zenfone2Laser/outdoor,0.0228
D25_OnePlus_A3000_flat_frames_vid2_i_ref.jpg,ref_D24_Xiaomi_RedmiNote3/outdoor,0.8452
D25_OnePlus_A3000_flat_frames_vid2_i_ref.jpg,ref_D25_OnePlus_A3000/outdoor,0.7451
D25_OnePlus_A3000_flat_frames_vid3_i_ref.jpg,ref_D01_Samsung_GalaxyS3Mini/outdoor,-0.0029
D25_OnePlus_A3000_flat_frames_vid3_i_ref.jpg,ref_D02_Apple_iPhone4s/outdoor,0.7591
D25_OnePlus_A3000_flat_frames_vid3_i_ref.jpg,ref_D03_Huawei_P9/outdoor,0.8839
D25_OnePlus_A3000_flat_frames_vid3_i_ref.jpg,ref_D04_LG_D290/outdoor,0.0215
D25_OnePlus_A3000_flat_frames_vid3_i_ref.jpg,ref_D07_Lenovo_P70A/outdoor,0.0160
D25_OnePlus_A3000_flat_frames_vid3_i_ref.jpg,ref_D12_Sony_XperiaZ1Compact/outdoor,0.8872
D25_OnePlus_A3000_flat_frames_vid3_i_ref.jpg,ref_D17_Microsoft_Lumia640LTE/outdoor,0.8074
D25_OnePlus_A3000_flat_frames_vid3_i_ref.jpg,ref_D21_Wiko_Ridge4G/outdoor,0.8114
D25_OnePlus_A3000_flat_frames_vid3_i_ref.jpg,ref_D23_Asus_Zenfone2Laser/outdoor,0.0459
D25_OnePlus_A3000_flat_frames_vid3_i_ref.jpg,ref_D24_Xiaomi_RedmiNote3/outdoor,0.8470
D25_OnePlus_A3000_flat_frames_vid3_i_ref.jpg,ref_D25_OnePlus_A3000/outdoor,0.8010
D25_OnePlus_A3000_flat_frames_vid4_i_ref.jpg,ref_D01_Samsung_GalaxyS3Mini/outdoor,-0.0059
D25_OnePlus_A3000_flat_frames_vid4_i_ref.jpg,ref_D02_Apple_iPhone4s/outdoor,0.7265
D25_OnePlus_A3000_flat_frames_vid4_i_ref.jpg,ref_D03_Huawei_P9/outdoor,0.8676
D25_OnePlus_A3000_flat_frames_vid4_i_ref.jpg,ref_D04_LG_D290/outdoor,0.0193
D25_OnePlus_A3000_flat_frames_vid4_i_ref.jpg,ref_D07_Lenovo_P70A/outdoor,0.0165
D25_OnePlus_A3000_flat_frames_vid4_i_ref.jpg,ref_D12_Sony_XperiaZ1Compact/outdoor,0.8609
D25_OnePlus_A3000_flat_frames_vid4_i_ref.jpg,ref_D17_Microsoft_Lumia640LTE/outdoor,0.7750
D25_OnePlus_A3000_flat_frames_vid4_i_ref.jpg,ref_D21_Wiko_Ridge4G/outdoor,0.8096
D25_OnePlus_A3000_flat_frames_vid4_i_ref.jpg,ref_D23_Asus_Zenfone2Laser/outdoor,0.0281
D25_OnePlus_A3000_flat_frames_vid4_i_ref.jpg,ref_D24_Xiaomi_RedmiNote3/outdoor,0.8469
D25_OnePlus_A3000_flat_frames_vid4_i_ref.jpg,ref_D25_OnePlus_A3000/outdoor,0.7745
D25_OnePlus_A3000_flat_frames_vid5_i_ref.jpg,ref_D01_Samsung_GalaxyS3Mini/outdoor,-0.0059
D25_OnePlus_A3000_flat_frames_vid5_i_ref.jpg,ref_D02_Apple_iPhone4s/outdoor,0.7288
D25_OnePlus_A3000_flat_frames_vid5_i_ref.jpg,ref_D03_Huawei_P9/outdoor,0.8685
D25_OnePlus_A3000_flat_frames_vid5_i_ref.jpg,ref_D04_LG_D290/outdoor,0.0194
D25_OnePlus_A3000_flat_frames_vid5_i_ref.jpg,ref_D07_Lenovo_P70A/outdoor,0.0159
D25_OnePlus_A3000_flat_frames_vid5_i_ref.jpg,ref_D12_Sony_XperiaZ1Compact/outdoor,0.8624
D25_OnePlus_A3000_flat_frames_vid5_i_ref.jpg,ref_D17_Microsoft_Lumia640LTE/outdoor,0.7766
D25_OnePlus_A3000_flat_frames_vid5_i_ref.jpg,ref_D21_Wiko_Ridge4G/outdoor,0.8097
D25_OnePlus_A3000_flat_frames_vid5_i_ref.jpg,ref_D23_Asus_Zenfone2Laser/outdoor,0.0284
D25_OnePlus_A3000_flat_frames_vid5_i_ref.jpg,ref_D24_Xiaomi_RedmiNote3/outdoor,0.8470
D25_OnePlus_A3000_flat_frames_vid5_i_ref.jpg,ref_D25_OnePlus_A3000/outdoor,0.7760
D25_OnePlus_A3000_flat_frames_vid6_i_ref.jpg,ref_D01_Samsung_GalaxyS3Mini/outdoor,-0.0029
D25_OnePlus_A3000_flat_frames_vid6_i_ref.jpg,ref_D02_Apple_iPhone4s/outdoor,0.7591
D25_OnePlus_A3000_flat_frames_vid6_i_ref.jpg,ref_D03_Huawei_P9/outdoor,0.8839
D25_OnePlus_A3000_flat_frames_vid6_i_ref.jpg,ref_D04_LG_D290/outdoor,0.0215
D25_OnePlus_A3000_flat_frames_vid6_i_ref.jpg,ref_D07_Lenovo_P70A/outdoor,0.0160
D25_OnePlus_A3000_flat_frames_vid6_i_ref.jpg,ref_D12_Sony_XperiaZ1Compact/outdoor,0.8872
D25_OnePlus_A3000_flat_frames_vid6_i_ref.jpg,ref_D17_Microsoft_Lumia640LTE/outdoor,0.8074
D25_OnePlus_A3000_flat_frames_vid6_i_ref.jpg,ref_D21_Wiko_Ridge4G/outdoor,0.8114
D25_OnePlus_A3000_flat_frames_vid6_i_ref.jpg,ref_D23_Asus_Zenfone2Laser/outdoor,0.0459
D25_OnePlus_A3000_flat_frames_vid6_i_ref.jpg,ref_D24_Xiaomi_RedmiNote3/outdoor,0.8470
D25_OnePlus_A3000_flat_frames_vid6_i_ref.jpg,ref_D25_OnePlus_A3000/outdoor,0.8010
D25_OnePlus_A3000_flat_frames_vid7_i_ref.jpg,ref_D01_Samsung_GalaxyS3Mini/outdoor,-0.0020
D25_OnePlus_A3000_flat_frames_vid7_i_ref.jpg,ref_D02_Apple_iPhone4s/outdoor,0.7599
D25_OnePlus_A3000_flat_frames_vid7_i_ref.jpg,ref_D03_Huawei_P9/outdoor,0.8835
D25_OnePlus_A3000_flat_frames_vid7_i_ref.jpg,ref_D04_LG_D290/outdoor,0.0209
D25_OnePlus_A3000_flat_frames_vid7_i_ref.jpg,ref_D07_Lenovo_P70A/outdoor,0.0142
D25_OnePlus_A3000_flat_frames_vid7_i_ref.jpg,ref_D12_Sony_XperiaZ1Compact/outdoor,0.8881
D25_OnePlus_A3000_flat_frames_vid7_i_ref.jpg,ref_D17_Microsoft_Lumia640LTE/outdoor,0.8093
D25_OnePlus_A3000_flat_frames_vid7_i_ref.jpg,ref_D21_Wiko_Ridge4G/outdoor,0.8097
D25_OnePlus_A3000_flat_frames_vid7_i_ref.jpg,ref_D23_Asus_Zenfone2Laser/outdoor,0.0453
D25_OnePlus_A3000_flat_frames_vid7_i_ref.jpg,ref_D24_Xiaomi_RedmiNote3/outdoor,0.8449
D25_OnePlus_A3000_flat_frames_vid7_i_ref.jpg,ref_D25_OnePlus_A3000/outdoor,0.8016
